,time,P,Gb(i),Gd(i),Gr(i),H_sun,T2m,WS10m
0,2014-12-31,0.0,0.0,0.0,0.0,0.0,22.68,1.38
1,2015-01-01,116.41250000000001,70.37833333333333,86.08666666666666,0.48374999999999996,15.39625,25.336250000000003,2.0533333333333332
2,2015-01-02,209.84416666666667,198.83833333333334,78.76541666666667,0.8033333333333333,15.422083333333333,25.612916666666667,2.629583333333333
3,2015-01-03,197.02791666666667,174.0225,88.43208333333332,0.7695833333333333,15.448333333333332,25.226249999999997,1.7608333333333333
4,2015-01-04,203.74833333333333,191.975,80.45166666666667,0.7937500000000001,15.477916666666667,25.299583333333334,2.025
5,2015-01-05,206.30291666666665,193.73000000000002,78.27458333333333,0.7966666666666667,15.509583333333333,25.185833333333335,2.9233333333333333
6,2015-01-06,191.92583333333334,166.88541666666666,88.78958333333333,0.7579166666666667,15.542083333333332,24.516666666666666,1.9425
7,2015-01-07,193.9454166666667,166.51541666666665,90.69291666666668,0.7620833333333333,15.577916666666667,24.864583333333332,2.1870833333333333
8,2015-01-08,165.665,113.35916666666667,107.29041666666667,0.6670833333333334,15.616249999999999,24.837500000000002,1.6520833333333333
9,2015-01-09,163.07458333333332,96.55708333333332,117.27625,0.6537499999999999,15.655000000000001,23.96666666666667,2.700416666666667
10,2015-01-10,225.09166666666667,230.12,62.887499999999996,0.84875,15.695833333333333,23.902916666666666,3.4829166666666667
11,2015-01-11,218.06458333333333,208.74791666666667,74.32958333333333,0.8258333333333333,15.739166666666668,23.84166666666667,3.6941666666666664
12,2015-01-12,226.01708333333332,229.51333333333332,62.330000000000005,0.85,15.785416666666668,23.75,3.87875
13,2015-01-13,222.71541666666667,221.05041666666668,69.02416666666666,0.8433333333333333,15.832916666666668,23.792916666666667,3.580416666666667
14,2015-01-14,212.87625,195.22958333333335,81.7,0.8125,15.880833333333333,23.377499999999998,3.1183333333333336
15,2015-01-15,194.90291666666667,163.00041666666667,94.03125,0.7629166666666666,15.931666666666667,24.162499999999998,3.0658333333333334
16,2015-01-16,164.76791666666668,107.46958333333333,106.69041666666668,0.6479166666666667,15.984166666666667,24.64,3.689583333333333
17,2015-01-17,211.28708333333336,193.5716666666667,82.26666666666667,0.81625,16.038333333333334,24.742500000000003,3.615
18,2015-01-18,212.98125000000002,195.87833333333333,83.33999999999999,0.8241666666666667,16.09375,24.37375,3.19375
19,2015-01-19,214.40625,194.8425,84.42333333333333,0.8250000000000001,16.1525,24.334166666666665,3.5104166666666665
20,2015-01-20,224.08416666666668,222.89583333333334,69.22791666666667,0.8604166666666666,16.211666666666666,24.257499999999997,3.9104166666666664
21,2015-01-21,224.12250000000003,223.61125,68.15916666666666,0.8620833333333334,16.272916666666667,23.937916666666666,3.660833333333333
22,2015-01-22,145.73458333333335,79.83958333333334,110.40583333333332,0.5958333333333333,16.33625,24.230833333333333,3.24375
23,2015-01-23,185.20375,137.51208333333332,103.18333333333334,0.7308333333333333,16.40041666666667,24.727083333333336,3.1029166666666668
24,2015-01-24,113.14916666666666,58.41083333333333,91.30333333333334,0.4695833333333333,16.465,24.448333333333334,3.6183333333333336
25,2015-01-25,224.64374999999998,217.48708333333332,73.84458333333333,0.8633333333333333,16.53375,24.159166666666668,3.6529166666666666
26,2015-01-26,218.73291666666668,204.3358333333333,80.97291666666668,0.8516666666666667,16.6025,24.647499999999997,3.2729166666666667
27,2015-01-27,121.36791666666666,50.757083333333334,108.32541666666667,0.51,16.672083333333333,24.627499999999998,3.98875
28,2015-01-28,203.67333333333332,170.36583333333334,95.82666666666667,0.8045833333333333,16.743750000000002,24.64333333333333,3.1783333333333332
29,2015-01-29,217.60666666666668,201.97291666666663,82.27833333333334,0.8541666666666666,16.816666666666666,24.847083333333334,3.7137499999999997
30,2015-01-30,187.25666666666666,140.02875,105.17958333333333,0.7583333333333333,16.89125,24.90625,3.4125
31,2015-01-31,210.0845833333333,184.04875,90.80208333333333,0.8320833333333333,16.966666666666665,24.94333333333333,3.642916666666667
32,2015-02-01,181.61166666666668,140.93958333333333,96.505,0.7229166666666668,17.042916666666667,25.12625,3.6925000000000003
33,2015-02-02,202.13125000000002,154.28125,108.25166666666667,0.805,17.120416666666667,24.883750000000003,4.352083333333334
34,2015-02-03,203.4825,160.54749999999999,103.34958333333333,0.8125,17.2,25.204583333333332,4.330416666666666
35,2015-02-04,191.05666666666664,127.65666666666665,120.34500000000001,0.7695833333333333,17.279583333333335,24.780416666666667,4.0575
36,2015-02-05,236.9433333333333,248.56958333333333,62.135416666666664,0.9345833333333333,17.360416666666666,24.92375,3.563333333333333
37,2015-02-06,224.3829166666667,220.37625,75.92833333333333,0.8995833333333333,17.4425,24.932916666666667,2.9829166666666667
38,2015-02-07,229.33291666666665,228.665,74.11291666666666,0.9166666666666666,17.52541666666667,24.700833333333335,3.0120833333333334
39,2015-02-08,231.35166666666666,236.60541666666666,69.45416666666667,0.9279166666666666,17.609583333333333,24.885833333333334,3.2954166666666667
40,2015-02-09,223.29541666666668,211.01916666666668,81.91,0.8970833333333333,17.694583333333334,24.8875,3.5033333333333334
41,2015-02-10,170.20374999999999,89.59625,131.86875,0.7058333333333334,17.77958333333333,25.01875,3.7587500000000005
42,2015-02-11,203.7875,153.29916666666665,110.84541666666667,0.8208333333333333,17.865416666666665,25.11375,3.9795833333333337
43,2015-02-12,231.26208333333332,234.36749999999998,71.73458333333333,0.9383333333333334,17.952083333333334,25.49625,3.4995833333333333
44,2015-02-13,227.75250000000003,234.1520833333333,73.20791666666666,0.9425,18.040416666666665,25.47083333333333,2.2624999999999997
45,2015-02-14,234.6341666666667,253.35375,62.8375,0.9679166666666666,18.1275,24.881666666666664,2.4479166666666665
46,2015-02-15,232.48166666666668,252.05208333333334,63.68375,0.9691666666666667,18.2175,25.366249999999997,2.425
47,2015-02-16,235.60333333333332,251.7179166666667,64.44166666666668,0.9720833333333333,18.30625,25.1425,1.9391666666666667
48,2015-02-17,233.21875,247.3529166666667,66.91583333333334,0.9691666666666666,18.395833333333332,24.780416666666667,2.3270833333333334
49,2015-02-18,231.4075,226.61083333333332,77.80166666666666,0.94625,18.486250000000002,24.69333333333333,3.2558333333333334
50,2015-02-19,235.20041666666668,240.49958333333333,70.40833333333333,0.96625,18.575833333333332,24.95,3.1341666666666668
51,2015-02-20,237.36541666666668,249.85875,66.20958333333333,0.9812500000000001,18.667083333333334,24.719583333333333,2.7125
52,2015-02-21,234.79875,245.91208333333336,68.03833333333334,0.9783333333333334,18.7575,24.849166666666665,2.7404166666666665
53,2015-02-22,236.49791666666667,250.45291666666665,66.33291666666666,0.98875,18.848333333333333,24.8875,2.572083333333333
54,2015-02-23,236.78583333333333,257.24583333333334,62.725,0.9987499999999999,18.94125,24.580833333333334,2.15875
55,2015-02-24,237.96166666666667,258.43375,62.744166666666665,1.0041666666666667,19.032500000000002,24.842916666666667,2.1425
56,2015-02-25,225.48416666666665,245.93416666666667,59.05125,0.9566666666666667,19.123749999999998,24.907083333333333,2.29625
57,2015-02-26,226.77291666666667,224.51250000000002,81.54291666666667,0.9658333333333333,19.215416666666666,26.38083333333333,2.7295833333333337
58,2015-02-27,188.9366666666667,123.17791666666666,126.16291666666666,0.8058333333333333,19.30625,26.9025,3.3158333333333334
59,2015-02-28,193.29916666666668,125.65416666666665,128.08291666666665,0.8195833333333334,19.3975,26.664583333333336,4.229583333333333
60,2015-03-01,207.48958333333334,168.45916666666668,103.27125000000001,0.875,19.489166666666666,27.001666666666665,4.335416666666666
61,2015-03-02,193.155,128.67125000000001,124.84249999999999,0.8220833333333334,19.580833333333334,26.709166666666665,3.14625
62,2015-03-03,210.93083333333334,184.4825,99.38916666666667,0.9125,19.669999999999998,27.161666666666665,2.2758333333333334
63,2015-03-04,230.76791666666668,230.62,78.21333333333332,0.9866666666666667,19.765,27.676666666666666,3.23625
64,2015-03-05,216.6925,186.85791666666668,102.58541666666667,0.9316666666666666,19.85625,27.655,2.9970833333333338
65,2015-03-06,226.755,219.62,84.89541666666666,0.9783333333333334,19.947916666666668,27.657916666666665,2.450416666666667
66,2015-03-07,225.6075,217.47958333333335,85.76166666666667,0.97625,20.038333333333334,27.354583333333334,2.5175
67,2015-03-08,220.29958333333332,194.08875,99.39291666666668,0.94875,20.127916666666668,27.370833333333334,2.3733333333333335
68,2015-03-09,221.73833333333334,203.64541666666665,92.97958333333334,0.9620833333333333,20.217916666666667,26.858333333333334,2.5404166666666668
69,2015-03-10,219.66875000000002,190.86541666666665,101.01791666666668,0.9491666666666667,20.305833333333336,26.288749999999997,2.845833333333333
70,2015-03-11,225.00458333333333,212.13625,87.44416666666666,0.9754166666666667,20.394166666666667,27.344166666666666,3.223333333333333
71,2015-03-12,212.56833333333336,174.30916666666667,106.97541666666666,0.9216666666666667,20.48125,27.68875,3.5258333333333334
72,2015-03-13,228.55958333333334,223.27875000000003,83.76666666666667,1.00125,20.567916666666665,27.2075,2.750833333333333
73,2015-03-14,239.26541666666665,253.0375,66.34708333333333,1.0408333333333333,20.6525,27.350416666666664,3.376666666666667
74,2015-03-15,233.835,235.91916666666665,75.48791666666666,1.0195833333333333,20.738333333333333,26.807916666666667,3.0574999999999997
75,2015-03-16,236.77583333333334,248.6825,68.93916666666667,1.04,20.8225,26.9575,2.4
76,2015-03-17,236.76166666666666,251.67125,66.89791666666666,1.0458333333333334,20.904999999999998,25.862083333333334,2.24625
77,2015-03-18,237.10666666666665,256.83958333333334,63.83708333333333,1.055,20.987083333333334,27.011666666666667,3.0204166666666663
78,2015-03-19,235.3445833333333,249.17999999999998,68.19291666666668,1.0470833333333334,21.067916666666665,27.12625,2.6783333333333332
79,2015-03-20,233.93625,246.38375,69.79208333333334,1.0458333333333334,21.148333333333333,27.125,2.0229166666666667
80,2015-03-21,234.02125,255.35833333333332,64.42125,1.0595833333333333,21.225416666666668,26.866666666666664,2.1041666666666665
81,2015-03-22,234.385,253.7420833333333,65.14083333333333,1.0591666666666668,21.30375,27.8875,2.7937499999999997
82,2015-03-23,234.48833333333334,241.12375,72.66166666666668,1.0445833333333334,21.38,27.811666666666667,3.425416666666667
83,2015-03-24,234.38125,238.69833333333335,74.12541666666667,1.0441666666666667,21.459999999999997,27.817916666666665,3.5141666666666667
84,2015-03-25,228.15166666666667,214.60625000000002,87.95375,1.0133333333333334,21.54041666666667,27.701666666666668,3.669166666666667
85,2015-03-26,228.98416666666665,226.78708333333336,80.87416666666667,1.0316666666666667,21.62,27.815833333333334,2.720833333333333
86,2015-03-27,235.29541666666668,250.8345833333333,66.70958333333333,1.0658333333333332,21.698333333333334,28.220416666666665,2.6058333333333334
87,2015-03-28,234.28208333333336,250.96375,66.48833333333333,1.0675000000000001,21.774583333333336,28.63,3.002083333333333
88,2015-03-29,232.05791666666667,242.29999999999998,71.45041666666667,1.0579166666666666,21.85083333333333,28.667083333333334,3.1616666666666666
89,2015-03-30,232.24333333333334,238.12250000000003,73.88791666666667,1.0545833333333332,21.923333333333332,28.884583333333335,3.526666666666667
90,2015-03-31,205.42375,169.72041666666667,105.13916666666667,0.9308333333333333,21.995833333333334,28.855833333333333,3.5258333333333334
91,2015-04-01,206.99166666666667,169.42166666666665,106.67041666666667,0.9366666666666666,22.066666666666666,28.823333333333334,3.7675
92,2015-04-02,220.65291666666667,203.82333333333335,90.30791666666666,1.0004166666666667,22.136666666666667,29.123333333333335,4.692083333333334
93,2015-04-03,229.06875,238.4125,69.97208333333333,1.0504166666666668,22.204166666666666,29.89916666666667,4.622916666666667
94,2015-04-04,218.91875000000002,205.20291666666665,88.92375,1.0029166666666667,22.27,29.952083333333334,4.7562500000000005
95,2015-04-05,224.66583333333332,219.6341666666667,79.80583333333333,1.02375,22.334166666666665,29.60166666666667,4.87
96,2015-04-06,225.88375,219.55833333333337,80.22083333333333,1.0279166666666668,22.397499999999997,29.37,4.996666666666667
97,2015-04-07,212.8075,186.84041666666667,96.64791666666667,0.9741666666666666,22.458333333333332,29.460833333333337,4.52625
98,2015-04-08,221.90375000000003,206.46916666666667,86.95375,1.00875,22.51625,28.724999999999998,4.244583333333334
99,2015-04-09,214.7820833333333,199.16125,88.03833333333334,0.9895833333333334,22.574583333333333,28.845416666666665,3.7045833333333333
100,2015-04-10,223.91750000000002,220.87208333333334,80.07833333333333,1.0404166666666665,22.63,28.962083333333336,3.7925
101,2015-04-11,224.8116666666667,221.85916666666665,79.20916666666666,1.0425,22.685000000000002,29.042916666666667,4.169583333333334
102,2015-04-12,217.83583333333334,205.2195833333333,87.50999999999999,1.0154166666666666,22.735833333333332,29.071250000000003,3.577916666666667
103,2015-04-13,194.97958333333335,141.72291666666666,120.16624999999999,0.9075000000000001,22.78625,28.072916666666668,2.5541666666666667
104,2015-04-14,224.93458333333334,241.59458333333336,65.975,1.0716666666666665,22.834999999999997,27.83,2.7120833333333336
105,2015-04-15,87.9925,15.332083333333335,103.31083333333333,0.41250000000000003,22.88083333333333,26.25583333333333,2.1279166666666667
106,2015-04-16,167.64708333333334,122.85125,105.60000000000001,0.7941666666666666,22.92458333333333,27.370833333333334,1.9591666666666667
107,2015-04-17,212.15416666666667,193.44416666666666,95.13916666666667,1.01,22.965833333333336,28.250833333333333,2.0608333333333335
108,2015-04-18,221.94958333333332,243.12458333333333,62.732916666666675,1.07375,23.004583333333333,28.674166666666665,2.029166666666667
109,2015-04-19,224.5320833333333,237.74958333333333,66.90125,1.0741666666666667,23.040833333333335,29.169166666666666,2.8529166666666668
110,2015-04-20,213.97625000000002,207.39541666666665,81.78750000000001,1.01875,23.074583333333333,29.062083333333334,3.189583333333333
111,2015-04-21,219.18208333333334,211.755,81.7625,1.03375,23.104166666666668,28.682083333333335,3.6291666666666664
112,2015-04-22,216.03041666666664,204.87333333333333,85.94791666666667,1.0295833333333333,23.130416666666665,29.699166666666667,4.46125
113,2015-04-23,220.83124999999998,221.37833333333333,75.73,1.0545833333333332,23.153333333333332,30.317083333333333,4.729583333333333
114,2015-04-24,200.49708333333334,175.68958333333333,94.22916666666667,0.9504166666666666,23.171666666666667,29.614583333333332,4.065833333333333
115,2015-04-25,205.74166666666667,167.25833333333333,105.385,0.9616666666666666,23.186666666666667,28.91416666666667,4.375
116,2015-04-26,203.07625,190.46,82.27833333333334,0.9679166666666666,23.198333333333334,29.083333333333332,3.4970833333333338
117,2015-04-27,221.52666666666667,223.87791666666666,72.56625,1.0574999999999999,23.206249999999997,28.549583333333334,3.325416666666667
118,2015-04-28,219.79791666666665,215.60875,78.25791666666667,1.0516666666666665,23.212500000000002,29.381666666666664,4.324166666666667
119,2015-04-29,220.785,215.72916666666666,77.82375,1.0516666666666665,23.217916666666667,29.782083333333333,5.410833333333334
120,2015-04-30,219.63666666666666,216.43625,76.86416666666666,1.0508333333333333,23.220416666666665,29.9675,5.245
121,2015-05-01,213.45833333333334,199.41958333333332,86.645,1.0258333333333334,23.220833333333335,30.175416666666667,5.3254166666666665
122,2015-05-02,217.18541666666667,210.0220833333333,79.46083333333333,1.04125,23.219583333333333,29.945833333333336,5.0025
123,2015-05-03,208.5475,183.18416666666667,95.23666666666666,1.0025,23.218333333333334,29.883750000000003,4.41375
124,2015-05-04,202.39791666666667,169.11083333333332,99.8275,0.9616666666666668,23.215,29.481666666666666,3.660833333333333
125,2015-05-05,191.6016666666667,147.72208333333333,109.37291666666665,0.9187500000000001,23.210833333333337,29.20625,2.79625
126,2015-05-06,214.42375,205.84375,80.68249999999999,1.035,23.205833333333334,29.429583333333337,3.563333333333333
127,2015-05-07,204.39541666666665,185.03708333333336,91.06541666666668,0.9920833333333334,23.199166666666667,29.930000000000003,3.2533333333333334
128,2015-05-08,208.56708333333333,198.11249999999998,84.39916666666666,1.0250000000000001,23.191666666666666,30.55125,3.9341666666666666
129,2015-05-09,207.77166666666665,188.1654166666667,90.39916666666666,1.0095833333333333,23.184583333333332,30.597916666666666,4.6825
130,2015-05-10,148.60875000000001,67.62958333333333,134.0716666666667,0.7195833333333334,23.176666666666666,30.240416666666665,3.7158333333333338
131,2015-05-11,80.84791666666666,10.743333333333334,100.7075,0.38625000000000004,23.1675,29.28916666666667,3.0029166666666662
132,2015-05-12,157.1525,113.43333333333334,101.08708333333334,0.7633333333333333,23.157916666666665,29.74,3.0829166666666663
133,2015-05-13,86.73458333333333,26.480416666666667,91.43458333333332,0.4166666666666667,23.147916666666664,27.5,2.0858333333333334
134,2015-05-14,112.78500000000001,34.946666666666665,116.59458333333333,0.5308333333333334,23.137083333333333,27.336250000000003,2.5429166666666667
135,2015-05-15,128.11625,87.05,86.70208333333333,0.6170833333333333,23.125833333333333,27.98375,2.4770833333333333
136,2015-05-16,50.1775,4.230416666666667,67.67458333333333,0.2529166666666667,23.114583333333332,27.596249999999998,3.0941666666666667
137,2015-05-17,154.30333333333334,77.35416666666667,128.75375,0.7362500000000001,23.10375,27.976249999999997,3.6470833333333332
138,2015-05-18,185.24,145.07458333333332,104.66041666666666,0.9020833333333332,23.0925,29.61916666666667,4.220416666666667
139,2015-05-19,209.71375,200.65708333333336,78.87375,1.0279166666666668,23.080833333333334,30.415833333333335,4.7508333333333335
140,2015-05-20,208.9625,202.95000000000002,77.59083333333334,1.0320833333333332,23.067916666666665,30.78625,5.694583333333334
141,2015-05-21,208.47708333333333,202.03583333333336,77.94583333333334,1.0325,23.056250000000002,31.702083333333334,6.034583333333334
142,2015-05-22,181.53708333333336,123.63916666666667,120.42333333333333,0.8875000000000001,23.04375,31.64375,5.657916666666666
143,2015-05-23,191.33249999999998,161.72708333333333,96.11833333333334,0.935,23.032083333333333,31.756249999999998,4.937916666666667
144,2015-05-24,199.34083333333334,183.58041666666668,88.50833333333333,0.9995833333333333,23.02,31.987083333333334,4.87375
145,2015-05-25,199.01666666666665,188.6470833333333,85.55458333333333,1.0133333333333334,23.008333333333336,32.17875,4.500416666666667
146,2015-05-26,150.66375,72.03541666666668,134.02333333333334,0.7433333333333333,22.99625,31.765,4.669583333333333
147,2015-05-27,119.81375000000001,81.85249999999999,83.12,0.5975,22.985,31.020833333333332,4.715416666666667
148,2015-05-28,174.96666666666667,140.91125,100.44875,0.8866666666666667,22.97375,31.31458333333333,4.368333333333333
149,2015-05-29,202.77666666666667,194.025,81.41208333333333,1.0233333333333332,22.96166666666667,31.16625,3.89625
150,2015-05-30,200.78041666666664,194.89166666666665,80.20833333333333,1.0208333333333333,22.95125,30.754166666666666,4.0575
151,2015-05-31,184.81708333333336,140.26541666666665,107.38833333333334,0.9079166666666666,22.940416666666668,30.49791666666667,4.940833333333333
152,2015-06-01,77.00541666666666,14.684166666666668,93.7075,0.3804166666666666,22.92958333333333,29.545416666666668,2.735416666666667
153,2015-06-02,187.04541666666668,157.87416666666667,100.8125,0.9525,22.920833333333334,30.410833333333333,2.620416666666667
154,2015-06-03,176.96833333333333,123.20458333333333,117.34666666666668,0.8804166666666666,22.91,29.960833333333337,3.595
155,2015-06-04,193.67666666666665,160.68458333333334,98.00666666666666,0.9525,22.900833333333335,29.87,4.637083333333334
156,2015-06-05,191.90583333333333,156.07583333333335,101.72500000000001,0.9545833333333333,22.892083333333332,30.065833333333334,4.04625
157,2015-06-06,175.74291666666667,119.28750000000001,117.80041666666666,0.8695833333333334,22.883333333333336,30.278750000000002,4.1987499999999995
158,2015-06-07,174.3125,114.02833333333332,119.67541666666666,0.8566666666666666,22.875,30.689166666666665,5.388333333333333
159,2015-06-08,188.58124999999998,152.18416666666667,102.09291666666667,0.9370833333333333,22.868333333333336,30.74875,4.215416666666667
160,2015-06-09,188.04958333333335,165.40375,92.94375000000001,0.96125,22.860416666666666,30.287916666666664,3.18375
161,2015-06-10,182.78708333333336,165.81083333333333,85.54583333333333,0.92625,22.85375,30.4375,4.0945833333333335
162,2015-06-11,193.47166666666666,179.13458333333332,85.55791666666666,0.9833333333333334,22.847916666666666,30.944166666666664,4.04625
163,2015-06-12,168.02666666666667,94.77625,132.82375,0.8295833333333333,22.8425,29.752499999999998,3.0175
164,2015-06-13,193.73833333333334,174.045,89.13791666666667,0.9820833333333333,22.836250000000003,30.836250000000003,4.0775
165,2015-06-14,196.04125,186.15583333333333,80.74958333333333,0.9908333333333333,22.83375,30.725416666666664,3.0141666666666667
166,2015-06-15,170.91583333333332,111.27916666666665,120.85875,0.8470833333333333,22.829583333333332,30.98875,3.99875
167,2015-06-16,128.63916666666668,46.92666666666667,126.66333333333334,0.62375,22.826666666666668,29.790833333333335,4.385416666666667
168,2015-06-17,42.51583333333333,0.0,61.63458333333333,0.21250000000000002,22.824166666666667,27.5275,4.22375
169,2015-06-18,56.87291666666667,1.2991666666666666,78.57625,0.2758333333333333,22.8225,28.322916666666668,4.239166666666667
170,2015-06-19,68.33333333333333,1.1454166666666667,93.87583333333333,0.3283333333333333,22.82166666666667,29.475416666666664,4.574583333333333
171,2015-06-20,123.71291666666667,26.53125,139.72458333333333,0.5841666666666666,22.820000000000004,30.549166666666665,4.93375
172,2015-06-21,160.81416666666667,74.54333333333334,139.61833333333334,0.7745833333333333,22.81958333333333,31.12708333333333,5.468333333333334
173,2015-06-22,171.94791666666666,108.6875,121.04708333333333,0.8379166666666666,22.819999999999997,31.35375,4.68625
174,2015-06-23,177.63916666666668,133.48291666666668,105.31124999999999,0.8779166666666667,22.821250000000003,31.0675,5.003333333333333
175,2015-06-24,195.13250000000002,174.345,87.495,0.9758333333333334,22.823333333333334,31.642916666666665,4.979166666666667
176,2015-06-25,189.5625,155.19916666666666,98.91416666666667,0.94,22.82541666666667,32.04708333333333,4.964166666666666
177,2015-06-26,174.76250000000002,116.17166666666667,117.58416666666666,0.8491666666666666,22.828333333333333,31.482083333333335,4.626666666666667
178,2015-06-27,169.41541666666666,114.97875,112.94875,0.8354166666666667,22.83125,31.03375,4.726666666666667
179,2015-06-28,180.38583333333335,142.05916666666667,104.42541666666666,0.9054166666666666,22.836250000000003,30.90833333333333,4.212083333333333
180,2015-06-29,189.04541666666668,161.91875,95.73083333333334,0.9566666666666667,22.84,30.64,3.950416666666667
181,2015-06-30,181.2095833333333,148.94708333333332,99.72125,0.9166666666666666,22.845416666666665,30.86791666666667,4.260833333333333
182,2015-07-01,180.94458333333333,145.85708333333335,102.39041666666667,0.9208333333333334,22.850416666666664,31.172083333333333,4.172916666666667
183,2015-07-02,193.20458333333332,176.91125,88.62541666666668,0.9895833333333334,22.857499999999998,31.624583333333334,3.92
184,2015-07-03,163.00041666666667,105.87333333333333,119.35458333333332,0.8141666666666666,22.864166666666666,31.2175,2.981666666666667
185,2015-07-04,193.63375,182.0716666666667,83.93375,0.9883333333333333,22.871666666666666,31.795,4.117916666666667
186,2015-07-05,189.49041666666665,166.645,94.07833333333333,0.9620833333333333,22.879166666666666,32.07333333333333,4.115
187,2015-07-06,192.66583333333332,177.60416666666666,88.66041666666666,0.9916666666666667,22.888333333333335,32.405,4.048333333333333
188,2015-07-07,164.3225,144.74875,82.12375,0.8370833333333333,22.897916666666664,32.02916666666667,4.14625
189,2015-07-08,183.93916666666667,157.29125,94.60166666666667,0.9266666666666666,22.90625,32.055,3.8425
190,2015-07-09,174.57208333333335,130.57958333333332,107.22916666666667,0.8658333333333333,22.91625,32.220416666666665,4.211666666666667
191,2015-07-10,174.93541666666667,131.04291666666668,105.34750000000001,0.8570833333333333,22.92625,31.33375,4.279166666666667
192,2015-07-11,177.5858333333333,122.75291666666668,117.98541666666667,0.8775,22.93625,31.5175,4.037916666666667
193,2015-07-12,196.7095833333333,190.76458333333335,81.46166666666666,1.01125,22.946250000000003,31.28125,3.6775
194,2015-07-13,197.6029166666667,195.43833333333336,77.80375,1.0125,22.957916666666666,31.254583333333333,2.9370833333333333
195,2015-07-14,102.08208333333334,18.11791666666667,123.50750000000001,0.49875,22.969583333333333,30.456666666666667,2.9604166666666667
196,2015-07-15,93.65625,8.59375,121.245,0.45166666666666666,22.980416666666667,29.65041666666667,3.6062499999999997
197,2015-07-16,177.38083333333336,133.66208333333333,108.14541666666668,0.8775,22.993333333333336,30.47875,3.752916666666667
198,2015-07-17,198.79541666666668,182.45666666666668,86.21499999999999,0.9879166666666667,23.005,30.416666666666668,4.022916666666666
199,2015-07-18,175.45458333333332,141.86125,96.63375,0.8649999999999999,23.016666666666666,30.545,3.9949999999999997
200,2015-07-19,178.71666666666667,132.60208333333333,107.67666666666668,0.8691666666666666,23.029583333333335,30.760416666666668,4.6866666666666665
201,2015-07-20,182.68666666666664,139.36958333333334,105.90750000000001,0.8941666666666667,23.041666666666668,30.232083333333335,4.307916666666666
202,2015-07-21,197.06625,172.69541666666666,94.06124999999999,0.9754166666666667,23.05333333333333,29.549583333333334,4.350416666666667
203,2015-07-22,187.6520833333333,143.2725,109.32333333333334,0.9162499999999999,23.066666666666666,29.474166666666665,4.275416666666667
204,2015-07-23,198.73666666666668,175.87041666666667,91.205,0.9787499999999999,23.079583333333332,29.12,4.430833333333333
205,2015-07-24,197.72666666666666,173.14416666666668,93.26041666666667,0.9745833333333334,23.092083333333335,29.87,3.9458333333333333
206,2015-07-25,181.63916666666668,152.59541666666667,93.59375,0.89125,23.103333333333335,29.66125,3.8354166666666667
207,2015-07-26,176.12125,113.93166666666666,121.29708333333333,0.84,23.11583333333333,29.054166666666664,3.689583333333333
208,2015-07-27,177.66125,136.07375,105.78916666666667,0.8650000000000001,23.1275,29.215416666666666,3.06375
209,2015-07-28,189.18375,149.93333333333334,106.29958333333333,0.9266666666666666,23.139583333333334,29.75125,3.7808333333333337
210,2015-07-29,196.89083333333335,180.05916666666667,87.88,0.96875,23.15125,30.133333333333336,4.224166666666666
211,2015-07-30,168.30958333333334,102.10875,127.43708333333332,0.8216666666666667,23.161666666666665,30.2925,3.8870833333333334
212,2015-07-31,166.61416666666668,87.45791666666668,139.57625,0.8083333333333332,23.173333333333332,29.81041666666667,3.0666666666666664
213,2015-08-01,136.51416666666668,47.48083333333333,138.405,0.6508333333333334,23.182916666666667,29.85375,2.9633333333333334
214,2015-08-02,125.13499999999999,63.32541666666666,104.17083333333333,0.5995833333333334,23.19333333333333,27.940416666666668,4.162916666666667
215,2015-08-03,101.52708333333334,16.60625,122.57041666666667,0.48458333333333337,23.202916666666667,29.634583333333335,3.6925000000000003
216,2015-08-04,173.78916666666666,111.58041666666668,121.92458333333333,0.83,23.21166666666667,29.4525,4.258333333333334
217,2015-08-05,180.12625,125.27499999999999,117.62583333333333,0.86625,23.22,29.744583333333335,4.175
218,2015-08-06,186.95416666666665,160.50875,93.46333333333332,0.9083333333333333,23.228333333333335,30.343333333333334,3.857083333333333
219,2015-08-07,150.55041666666668,60.3825,144.0325,0.71625,23.235,30.337083333333336,3.3529166666666668
220,2015-08-08,167.93416666666667,116.27500000000002,113.45416666666667,0.8137500000000001,23.240416666666665,30.833333333333332,3.5870833333333336
221,2015-08-09,190.06416666666667,166.70083333333335,93.92416666666668,0.93,23.246666666666666,30.354583333333334,2.79625
222,2015-08-10,165.10875000000001,109.57041666666667,115.43541666666665,0.795,23.250833333333333,29.984583333333333,3.3191666666666664
223,2015-08-11,157.56,82.93708333333333,131.14041666666665,0.7491666666666666,23.254583333333333,29.86375,3.063333333333333
224,2015-08-12,129.98625,48.99458333333334,128.17499999999998,0.6216666666666667,23.256249999999998,30.004166666666666,2.827083333333333
225,2015-08-13,156.03833333333333,80.43041666666666,131.60666666666665,0.7433333333333333,23.258333333333336,30.392083333333332,3.3329166666666663
226,2015-08-14,184.09333333333333,136.03333333333333,117.08958333333334,0.8966666666666666,23.258750000000003,30.330833333333334,3.1929166666666666
227,2015-08-15,206.05541666666667,198.265,84.61874999999999,1.0075,23.25708333333333,29.721666666666668,3.3020833333333335
228,2015-08-16,168.13208333333333,107.25875,120.94958333333334,0.8054166666666666,23.255,28.589166666666667,2.7100000000000004
229,2015-08-17,212.11291666666668,209.5233333333333,78.03833333333334,1.0233333333333332,23.249583333333334,28.462083333333336,2.82375
230,2015-08-18,204.69333333333336,175.41250000000002,96.53708333333333,0.9616666666666666,23.239166666666666,28.574166666666667,3.7183333333333333
231,2015-08-19,209.8116666666667,190.39458333333334,88.03208333333333,0.985,23.223333333333333,29.03708333333333,4.872916666666667
232,2015-08-20,205.53666666666666,176.95791666666665,97.09166666666665,0.9679166666666666,23.197916666666668,29.257499999999997,3.6925000000000003
233,2015-08-21,105.54833333333333,24.194583333333338,120.16083333333334,0.5016666666666666,23.166666666666668,28.71666666666667,2.68625
234,2015-08-22,124.09666666666668,48.13999999999999,117.66083333333334,0.5829166666666666,23.13333333333333,27.760833333333334,3.72125
235,2015-08-23,202.90041666666664,167.4275,103.15333333333332,0.9483333333333334,23.097083333333334,28.026666666666667,3.60125
236,2015-08-24,205.25041666666667,183.94583333333333,92.27375,0.9670833333333334,23.0575,29.569999999999997,3.1858333333333335
237,2015-08-25,210.75958333333332,203.42583333333334,82.95833333333333,1.00375,23.016666666666666,30.174166666666668,2.910833333333333
238,2015-08-26,170.14791666666665,101.39625000000001,127.32375,0.7929166666666667,22.974999999999998,29.532083333333333,2.7525
239,2015-08-27,73.18083333333333,7.912083333333334,93.66041666666666,0.3529166666666667,22.930000000000003,28.56125,3.236666666666667
240,2015-08-28,156.8033333333333,72.60916666666667,137.05875,0.72625,22.884583333333335,29.125,3.7875
241,2015-08-29,213.21833333333333,209.5925,81.14833333333333,1.01125,22.83666666666667,29.915833333333335,3.502083333333333
242,2015-08-30,183.90958333333333,131.01083333333335,120.14458333333333,0.8704166666666667,22.78708333333333,29.87125,2.9875000000000003
243,2015-08-31,201.17041666666668,191.46375,86.41166666666668,0.9608333333333333,22.736666666666665,30.08791666666667,3.4516666666666667
244,2015-09-01,206.05541666666667,183.96708333333333,95.89666666666666,0.9679166666666666,22.684166666666666,30.09375,4.2004166666666665
245,2015-09-02,161.595,115.70458333333333,106.92333333333333,0.7645833333333334,22.629166666666666,29.930833333333336,3.4858333333333333
246,2015-09-03,139.85041666666666,52.87958333333333,134.62458333333333,0.6458333333333334,22.572916666666668,29.0825,3.5887499999999997
247,2015-09-04,205.25708333333333,176.54416666666668,100.08625,0.9525,22.515416666666667,29.123333333333335,3.5025
248,2015-09-05,195.25541666666666,143.92083333333332,117.34708333333333,0.89875,22.470416666666665,29.162499999999998,4.574583333333333
249,2015-09-06,214.15583333333333,190.61666666666667,92.46333333333332,0.9700000000000001,22.416666666666668,29.36583333333333,4.867083333333333
250,2015-09-07,105.99541666666666,18.523333333333333,124.80708333333332,0.4925,22.360833333333332,27.835416666666664,3.5766666666666667
251,2015-09-08,176.6916666666667,112.97208333333333,124.60708333333334,0.8116666666666666,22.303749999999997,28.903333333333332,3.5925
252,2015-09-09,160.27708333333334,72.28416666666666,142.3075,0.7358333333333333,22.245416666666667,28.4225,2.76125
253,2015-09-10,148.26333333333335,62.33958333333334,136.83791666666667,0.6816666666666666,22.184166666666666,28.45375,2.7216666666666662
254,2015-09-11,140.12833333333333,57.57749999999999,130.13625,0.6408333333333334,22.122500000000002,28.22875,2.9891666666666663
255,2015-09-12,140.255,51.729166666666664,138.93541666666667,0.65125,22.059166666666666,28.77333333333333,3.0345833333333334
256,2015-09-13,204.71124999999998,195.56166666666664,82.30833333333334,0.9383333333333334,21.995,29.50791666666667,3.557916666666667
257,2015-09-14,183.05666666666664,122.59750000000001,123.31458333333335,0.8337500000000001,21.927916666666665,29.703333333333333,3.8354166666666667
258,2015-09-15,207.06125,183.55583333333334,92.66583333333334,0.93,21.860833333333332,29.47791666666667,3.9916666666666667
259,2015-09-16,204.53291666666667,188.59375,84.75208333333333,0.9183333333333333,21.791666666666668,30.607916666666668,4.175
260,2015-09-17,205.83541666666667,180.94041666666666,95.93041666666666,0.93,21.721666666666668,30.155833333333334,3.3249999999999997
261,2015-09-18,163.32958333333332,85.86541666666666,136.53375,0.7520833333333333,21.649583333333336,29.93958333333333,2.885
262,2015-09-19,121.72166666666665,49.852916666666665,118.13958333333333,0.5695833333333333,21.576666666666668,28.977083333333336,2.563333333333333
263,2015-09-20,166.36541666666668,92.14375,135.07291666666666,0.7658333333333333,21.502916666666668,29.937083333333334,2.765833333333333
264,2015-09-21,205.0475,202.88875,81.02916666666667,0.9475000000000001,21.427083333333332,29.675833333333333,2.92625
265,2015-09-22,215.90041666666664,202.84458333333336,87.42708333333333,0.9645833333333332,21.35083333333333,29.548333333333332,3.440416666666667
266,2015-09-23,212.35791666666668,190.76250000000002,94.41000000000001,0.94625,21.272916666666667,29.43958333333333,3.3829166666666666
267,2015-09-24,220.2458333333333,216.48791666666668,79.6275,0.9795833333333334,21.193749999999998,29.52125,4.0112499999999995
268,2015-09-25,220.0525,227.04333333333332,73.11333333333333,0.9895833333333334,21.114166666666666,29.499166666666667,3.089166666666667
269,2015-09-26,196.86541666666665,180.76874999999998,93.91875,0.9075000000000001,21.03291666666667,29.105,1.6708333333333334
270,2015-09-27,181.9525,133.86375,116.27458333333334,0.8308333333333334,20.950833333333332,28.32875,2.0741666666666667
271,2015-09-28,155.86375,90.26083333333334,122.35083333333334,0.7070833333333333,20.867916666666666,28.0475,1.9516666666666669
272,2015-09-29,114.05416666666667,67.94291666666668,88.47333333333334,0.5183333333333333,20.78375,27.16541666666667,1.6491666666666667
273,2015-09-30,202.85666666666668,188.70125,88.265,0.9083333333333333,20.69875,27.297083333333333,1.9333333333333333
274,2015-10-01,189.2225,153.12416666666667,96.96499999999999,0.8204166666666667,20.612916666666667,27.8275,3.635
275,2015-10-02,183.45416666666665,148.23958333333334,96.18083333333334,0.8008333333333333,20.526666666666667,28.3125,2.94875
276,2015-10-03,186.53791666666666,151.58625,98.60708333333334,0.8179166666666666,20.439583333333335,28.411666666666665,2.341666666666667
277,2015-10-04,191.04999999999998,163.32166666666666,93.53875,0.83625,20.351666666666667,27.88875,2.3133333333333335
278,2015-10-05,189.70791666666665,164.58374999999998,92.365,0.8337500000000001,20.263333333333332,27.422083333333333,2.0241666666666664
279,2015-10-06,226.50750000000002,257.59041666666667,54.86666666666667,1.0045833333333334,20.174166666666668,28.056250000000002,2.0520833333333335
280,2015-10-07,231.86208333333335,259.37875,54.29833333333334,1.0054166666666666,20.08458333333333,28.362083333333334,2.5316666666666667
281,2015-10-08,181.71333333333334,156.20416666666668,92.13166666666666,0.8070833333333334,19.993750000000002,28.721666666666664,2.6904166666666662
282,2015-10-09,160.0375,101.10791666666667,115.92625,0.7133333333333334,19.902916666666666,28.797083333333333,2.7504166666666663
283,2015-10-10,161.59125,103.89541666666668,115.44,0.7200000000000001,19.812083333333334,28.75208333333333,2.51625
284,2015-10-11,147.61041666666668,82.36833333333333,120.45125,0.6670833333333334,19.719583333333333,28.3875,1.8624999999999998
285,2015-10-12,206.90416666666667,203.74375,80.56083333333333,0.91,19.628333333333334,28.0125,2.3270833333333334
286,2015-10-13,219.2225,222.44500000000002,75.26458333333333,0.9458333333333333,19.53625,27.853333333333335,2.3216666666666668
287,2015-10-14,220.80208333333334,230.93916666666667,70.40416666666667,0.95375,19.44333333333333,27.853333333333335,2.3041666666666667
288,2015-10-15,218.61833333333334,217.65958333333333,78.09875000000001,0.9354166666666667,19.35125,27.8175,2.2758333333333334
289,2015-10-16,213.63625000000002,205.795,83.21208333333333,0.915,19.258333333333333,27.772499999999997,1.7466666666666668
290,2015-10-17,217.76708333333332,213.39625,80.06875,0.9245833333333334,19.165416666666665,27.75916666666667,2.1195833333333334
291,2015-10-18,206.91875000000002,187.38666666666666,89.625,0.8758333333333334,19.0725,27.775000000000002,2.4841666666666664
292,2015-10-19,215.30416666666667,210.53374999999997,80.06708333333334,0.9133333333333334,18.98,28.19458333333333,2.0633333333333335
293,2015-10-20,217.73916666666665,219.16416666666666,75.6475,0.9229166666666667,18.887083333333333,28.046666666666667,1.9245833333333333
294,2015-10-21,217.10541666666666,218.22458333333336,75.59291666666667,0.9183333333333333,18.793333333333333,27.9825,1.9887499999999998
295,2015-10-22,217.2125,217.08833333333334,76.35458333333334,0.9154166666666667,18.701249999999998,27.262083333333333,2.3520833333333333
296,2015-10-23,93.30666666666667,67.32166666666667,60.02708333333333,0.40375,18.609166666666667,27.499166666666667,2.714166666666667
297,2015-10-24,213.44041666666666,197.55916666666667,85.97833333333334,0.8829166666666667,18.517083333333336,27.87375,3.2733333333333334
298,2015-10-25,199.62583333333336,162.02541666666667,101.17625,0.8279166666666667,18.425833333333333,27.408749999999998,3.5858333333333334
299,2015-10-26,208.17791666666665,182.96666666666667,92.04625,0.85875,18.332916666666666,27.7775,3.85375
300,2015-10-27,156.62625,96.50833333333333,110.92833333333334,0.665,18.2425,26.888333333333335,3.557916666666667
301,2015-10-28,134.84958333333333,69.53375,110.05541666666666,0.5791666666666667,18.152083333333334,26.497500000000002,2.2116666666666664
302,2015-10-29,82.15958333333333,21.72791666666667,88.99958333333335,0.36916666666666664,18.061666666666667,26.464166666666667,3.1979166666666665
303,2015-10-30,130.22375,62.28416666666667,110.34541666666667,0.5599999999999999,17.9725,25.818749999999998,2.2529166666666667
304,2015-10-31,76.3075,18.89875,84.73208333333334,0.3445833333333333,17.883333333333333,25.766666666666666,2.0658333333333334
305,2015-11-01,108.685,71.33958333333334,73.96708333333333,0.4566666666666667,17.794583333333332,25.97458333333333,2.689583333333333
306,2015-11-02,132.37833333333333,54.19,123.46708333333333,0.57875,17.7075,26.07166666666667,1.4712500000000002
307,2015-11-03,146.26208333333335,109.0225,89.43708333333332,0.6216666666666667,17.619583333333335,26.952083333333334,1.4087500000000002
308,2015-11-04,148.545,102.49874999999999,96.17583333333333,0.6183333333333333,17.533333333333335,26.701666666666668,2.169166666666667
309,2015-11-05,165.92999999999998,117.87541666666668,103.31416666666667,0.6929166666666666,17.44875,26.675416666666667,2.18625
310,2015-11-06,203.85875,179.5533333333333,87.21875,0.8175,17.364166666666666,26.68541666666667,3.19
311,2015-11-07,133.9775,64.61958333333332,111.16583333333334,0.5654166666666667,17.280416666666667,26.125,3.9654166666666666
312,2015-11-08,21.774583333333336,0.0,34.19875,0.11833333333333333,17.197916666666668,25.151666666666667,7.535
313,2015-11-09,58.94416666666667,4.46875,75.27666666666666,0.2708333333333333,17.116666666666667,25.566666666666666,7.658333333333334
314,2015-11-10,77.1725,10.4325,91.73416666666667,0.34375,17.035833333333333,25.66333333333333,5.7508333333333335
315,2015-11-11,85.85291666666667,33.01583333333333,82.47000000000001,0.37083333333333335,16.956666666666667,25.9075,2.7704166666666663
316,2015-11-12,158.81125,93.62374999999999,114.66041666666666,0.6508333333333333,16.877916666666668,26.000833333333333,3.8095833333333338
317,2015-11-13,15.30375,0.23583333333333334,26.002499999999998,0.09000000000000001,16.801666666666666,24.963333333333335,4.352083333333334
318,2015-11-14,41.99666666666666,1.87875,58.23499999999999,0.205,16.725416666666668,26.315833333333334,4.832916666666667
319,2015-11-15,14.943333333333333,0.08,25.51375,0.08833333333333333,16.650833333333335,25.18875,5.592083333333334
320,2015-11-16,48.68625,2.5762500000000004,64.48,0.22916666666666666,16.577083333333334,24.585833333333337,3.4995833333333333
321,2015-11-17,121.50208333333332,45.604166666666664,114.49208333333333,0.5195833333333334,16.506249999999998,24.58583333333333,2.63375
322,2015-11-18,127.49333333333333,60.64166666666666,111.43291666666666,0.5508333333333333,16.435,25.71875,1.2
323,2015-11-19,98.37124999999999,30.613333333333333,100.93,0.43,16.36583333333333,25.194999999999997,2.0541666666666667
324,2015-11-20,180.4908333333333,145.94416666666666,92.96583333333332,0.7266666666666666,16.298750000000002,25.577916666666667,2.6225
325,2015-11-21,191.66916666666668,163.20250000000001,86.86083333333335,0.7529166666666667,16.23333333333333,25.905416666666667,3.7841666666666662
326,2015-11-22,101.71708333333333,40.063750000000006,93.83791666666667,0.43,16.16875,25.339583333333334,3.2875
327,2015-11-23,156.44541666666666,124.00791666666667,82.08958333333334,0.63375,16.105833333333333,25.585416666666664,2.7358333333333333
328,2015-11-24,207.04958333333335,198.36916666666664,73.2175,0.8033333333333333,16.048750000000002,26.015416666666667,3.4875000000000003
329,2015-11-25,185.37125,172.62749999999997,70.64791666666666,0.7254166666666667,15.995,25.9825,3.8533333333333335
330,2015-11-26,103.40958333333333,39.97708333333333,96.61083333333333,0.4366666666666667,15.942083333333334,26.216250000000002,3.6954166666666666
331,2015-11-27,205.66750000000002,202.4104166666667,69.845,0.8029166666666666,15.891666666666666,25.677083333333332,2.73875
332,2015-11-28,188.14791666666667,163.21333333333334,82.83125,0.7366666666666667,15.842083333333335,26.03,3.620416666666667
333,2015-11-29,133.98166666666665,92.07708333333333,84.65083333333332,0.5466666666666666,15.795,25.57041666666667,3.37625
334,2015-11-30,112.195,58.0725,89.29625,0.4658333333333333,15.748750000000001,25.23,5.0775
335,2015-12-01,14.99375,0.2579166666666667,25.474999999999998,0.08833333333333333,15.705,24.814166666666665,3.6979166666666665
336,2015-12-02,46.54833333333334,0.55625,64.19333333333333,0.22291666666666665,15.664166666666667,24.478333333333335,4.0025
337,2015-12-03,120.58375000000001,45.423750000000005,111.15666666666668,0.5025000000000001,15.624166666666667,24.925416666666667,4.9887500000000005
338,2015-12-04,108.52999999999999,39.41958333333333,101.93041666666666,0.44999999999999996,15.586666666666666,25.32041666666667,5.069166666666667
339,2015-12-05,110.00708333333334,28.015,115.30291666666666,0.47125,15.549583333333333,25.290833333333335,4.985416666666667
340,2015-12-06,85.52166666666666,16.28875,97.47791666666666,0.3775,15.515833333333333,25.43375,4.540416666666666
341,2015-12-07,183.11916666666664,135.19791666666666,100.82708333333333,0.7058333333333334,15.485416666666666,26.22875,5.419583333333333
342,2015-12-08,96.74374999999999,34.373333333333335,93.68958333333335,0.4070833333333333,15.455833333333333,25.571250000000003,4.726666666666667
343,2015-12-09,73.37375,15.684583333333334,83.35375,0.32708333333333334,15.4275,25.372083333333332,3.2929166666666667
344,2015-12-10,143.17958333333334,69.90791666666667,116.84458333333333,0.5816666666666667,15.402500000000002,25.817083333333333,3.3475
345,2015-12-11,165.68791666666667,107.73875,110.96375,0.6595833333333333,15.379166666666668,25.745416666666667,2.0633333333333335
346,2015-12-12,188.87583333333336,164.17583333333332,87.42583333333334,0.7441666666666666,15.35875,26.17,1.9649999999999999
347,2015-12-13,213.16666666666666,228.995,58.65833333333333,0.8270833333333334,15.339583333333332,25.545,1.7225
348,2015-12-14,166.92166666666665,114.09833333333334,106.27666666666666,0.665,15.321666666666667,25.447083333333335,2.43625
349,2015-12-15,193.66958333333332,170.62750000000003,85.46791666666667,0.7516666666666666,15.306666666666667,24.65833333333333,2.3195833333333336
350,2015-12-16,185.13166666666666,147.9025,98.10708333333334,0.7245833333333334,15.294166666666667,24.928749999999997,1.925
351,2015-12-17,199.45624999999998,177.93708333333333,85.50833333333333,0.7666666666666666,15.284166666666666,25.187083333333334,2.2258333333333336
352,2015-12-18,176.1029166666667,127.60708333333334,105.06291666666665,0.695,15.276666666666666,26.015833333333333,2.5029166666666667
353,2015-12-19,193.53374999999997,163.75791666666666,90.33125,0.7454166666666667,15.270000000000001,25.776666666666667,2.8195833333333336
354,2015-12-20,210.0225,211.68125,65.87625,0.8016666666666666,15.265416666666667,25.3575,2.7283333333333335
355,2015-12-21,209.26291666666668,221.93500000000003,62.279583333333335,0.8166666666666668,15.264583333333334,25.220416666666665,1.4758333333333333
356,2015-12-22,195.15583333333333,174.8216666666667,85.40750000000001,0.75875,15.265,25.83375,2.1
357,2015-12-23,188.02166666666668,155.06875,94.33,0.7354166666666666,15.267083333333332,25.83083333333333,2.4575
358,2015-12-24,196.75708333333333,174.80999999999997,86.39875,0.7633333333333333,15.272916666666667,25.70875,2.560416666666667
359,2015-12-25,200.36666666666667,180.43041666666667,82.68625,0.7670833333333333,15.28,25.625416666666666,3.4820833333333336
360,2015-12-26,213.68458333333334,206.63708333333332,68.94916666666667,0.7995833333333334,15.289166666666667,25.387083333333333,5.387083333333333
361,2015-12-27,172.85041666666666,113.52416666666666,108.67083333333333,0.6691666666666666,15.300416666666665,25.787499999999998,5.795416666666667
362,2015-12-28,176.38125,132.65125,95.66791666666666,0.6870833333333333,15.314583333333333,25.286666666666665,4.364166666666667
363,2015-12-29,211.46875,199.83083333333332,74.95041666666667,0.7954166666666667,15.330416666666666,25.120416666666667,3.7875
364,2015-12-30,198.7158333333333,171.83916666666667,87.2025,0.7599999999999999,15.347916666666668,24.886666666666667,3.5075000000000003
365,2015-12-31,193.11416666666665,156.70916666666668,93.85041666666666,0.74125,15.367916666666666,25.35666666666667,4.230833333333334
366,2016-01-01,192.13750000000002,154.46291666666667,93.80708333333332,0.73375,15.39625,25.318749999999998,4.492083333333333
367,2016-01-02,211.48125000000002,201.7591666666667,73.18333333333334,0.7966666666666667,15.422083333333333,24.650000000000002,3.7779166666666666
368,2016-01-03,212.33208333333334,213.9375,66.80666666666666,0.8112499999999999,15.448333333333332,24.811666666666667,2.7779166666666666
369,2016-01-04,216.34583333333333,222.02833333333334,62.72125,0.82125,15.477916666666667,25.134583333333335,3.344583333333333
370,2016-01-05,208.0354166666667,196.38333333333333,75.76916666666666,0.7933333333333333,15.509583333333333,25.345,3.4141666666666666
371,2016-01-06,209.67625,203.11291666666668,70.92041666666667,0.7995833333333334,15.542083333333332,25.199166666666667,3.72125
372,2016-01-07,214.83166666666668,211.09208333333333,69.01875,0.8125,15.577916666666667,25.208333333333332,3.6437500000000003
373,2016-01-08,183.11249999999998,142.48,96.04208333333334,0.7154166666666666,15.616249999999999,24.65625,3.401666666666667
374,2016-01-09,210.87125,204.49749999999997,73.40958333333333,0.80875,15.655000000000001,23.977083333333336,2.5091666666666668
375,2016-01-10,215.16416666666666,220.11291666666668,64.55041666666666,0.8275,15.695833333333333,23.712500000000002,2.4258333333333333
376,2016-01-11,213.82583333333335,211.5683333333333,69.93833333333333,0.82,15.739166666666668,23.935000000000002,2.3191666666666664
377,2016-01-12,210.17125,206.06125,72.71041666666666,0.8141666666666666,15.785416666666668,24.270833333333332,2.4891666666666667
378,2016-01-13,132.35375,60.67416666666667,115.03333333333335,0.5558333333333333,15.832916666666668,24.47875,2.1866666666666665
379,2016-01-14,211.94541666666666,205.90916666666666,73.91583333333334,0.8191666666666667,15.880833333333333,24.812916666666666,2.96875
380,2016-01-15,201.49333333333334,176.01541666666665,88.71375,0.7820833333333334,15.931666666666667,24.127916666666668,2.7908333333333335
381,2016-01-16,215.69041666666666,215.93125,68.82083333333334,0.8345833333333333,15.984166666666667,23.865,2.6758333333333333
382,2016-01-17,189.08125000000004,154.89416666666668,95.71541666666667,0.7525,16.038333333333334,24.848333333333333,2.072083333333333
383,2016-01-18,196.68958333333333,163.01874999999998,96.04708333333333,0.7704166666666666,16.09375,25.44666666666667,2.6929166666666666
384,2016-01-19,117.80291666666666,57.961666666666666,98.47125,0.49416666666666664,16.1525,26.25,2.8129166666666667
385,2016-01-20,121.44375000000001,51.70875,110.79791666666667,0.5154166666666666,16.211666666666666,25.896666666666665,2.1149999999999998
386,2016-01-21,193.01708333333332,158.27291666666667,97.78541666666666,0.7695833333333333,16.272916666666667,25.921666666666667,2.7762499999999997
387,2016-01-22,140.16208333333333,80.9775,103.02999999999999,0.5683333333333334,16.33625,25.662916666666664,3.3504166666666664
388,2016-01-23,147.34333333333333,85.31750000000001,106.03791666666666,0.5920833333333334,16.40041666666667,25.243750000000002,4.215
389,2016-01-24,181.92125,137.05916666666667,100.32583333333334,0.72625,16.465,25.8125,4.126666666666667
390,2016-01-25,199.67083333333335,165.4129166666667,96.81375000000001,0.7883333333333334,16.53375,25.76125,3.215
391,2016-01-26,205.78958333333333,182.785,89.62416666666667,0.81625,16.6025,25.614583333333332,2.7937499999999997
392,2016-01-27,217.285,220.09,70.28916666666667,0.8650000000000001,16.672083333333333,25.40625,2.322083333333333
393,2016-01-28,218.25625,225.09166666666667,68.75,0.8741666666666666,16.743750000000002,25.29041666666667,1.7041666666666666
394,2016-01-29,217.70291666666665,222.31208333333333,70.35666666666667,0.8737499999999999,16.816666666666666,25.026666666666667,2.129166666666667
395,2016-01-30,205.4333333333333,190.71583333333334,84.12291666666667,0.8312499999999999,16.89125,24.930833333333336,2.2870833333333334
396,2016-01-31,216.04958333333332,213.72083333333333,75.41375000000001,0.8683333333333333,16.966666666666665,24.521666666666665,1.9816666666666667
397,2016-02-01,218.85125000000002,224.68375,68.54041666666667,0.8808333333333334,17.042916666666667,24.14333333333333,1.9083333333333332
398,2016-02-02,219.48083333333332,231.17458333333332,66.63791666666667,0.8925,17.120416666666667,24.283749999999998,1.4925
399,2016-02-03,219.75875,232.54333333333332,64.85625,0.8954166666666667,17.2,24.752499999999998,1.5912499999999998
400,2016-02-04,226.47458333333336,243.88916666666668,59.9125,0.9116666666666666,17.279583333333335,25.077083333333334,2.1945833333333336
401,2016-02-05,211.10708333333332,195.51250000000002,86.78625,0.8562500000000001,17.360416666666666,25.825416666666666,2.4233333333333333
402,2016-02-06,216.16125,206.91708333333335,80.83874999999999,0.8737499999999999,17.4425,25.905,2.5570833333333334
403,2016-02-07,204.1966666666667,173.41291666666666,98.63499999999999,0.8312499999999999,17.52541666666667,26.424583333333334,2.875833333333333
404,2016-02-08,222.19916666666666,228.19500000000002,69.97,0.90625,17.609583333333333,25.73625,2.3854166666666665
405,2016-02-09,224.39083333333335,238.17208333333335,64.365,0.9208333333333334,17.694583333333334,25.758333333333336,2.1254166666666667
406,2016-02-10,224.79875,238.32875,65.26333333333334,0.9245833333333334,17.77958333333333,25.72375,2.13375
407,2016-02-11,229.0675,237.96166666666667,65.995,0.9270833333333334,17.865416666666665,25.86,2.8475
408,2016-02-12,223.01874999999998,223.21791666666664,73.4075,0.91125,17.952083333333334,25.830416666666665,2.8200000000000003
409,2016-02-13,219.44416666666666,219.11,73.57291666666667,0.9054166666666666,18.040416666666665,26.159583333333334,2.7604166666666665
410,2016-02-14,230.56541666666666,241.505,64.90333333333334,0.94,18.1275,25.427916666666665,2.5691666666666664
411,2016-02-15,168.75041666666667,114.16125,108.365,0.7004166666666666,18.2175,26.62875,3.2816666666666667
412,2016-02-16,213.00291666666666,183.2875,98.24083333333333,0.8745833333333334,18.30625,26.477083333333336,3.67
413,2016-02-17,212.66583333333332,179.50750000000002,99.24833333333333,0.87125,18.395833333333332,27.175833333333333,4.043333333333333
414,2016-02-18,232.56583333333333,241.89333333333335,66.47375,0.9545833333333333,18.486250000000002,26.750833333333333,3.5749999999999997
415,2016-02-19,229.61958333333334,236.77083333333334,69.455,0.9504166666666666,18.575833333333332,26.941666666666666,2.7758333333333334
416,2016-02-20,225.62041666666667,230.9629166666667,73.41416666666667,0.94625,18.667083333333334,27.164583333333336,2.5541666666666667
417,2016-02-21,228.39083333333335,243.78208333333336,66.43124999999999,0.9654166666666667,18.7575,27.06125,2.6687499999999997
418,2016-02-22,236.33291666666665,255.4425,60.27041666666667,0.9824999999999999,18.848333333333333,26.686666666666667,3.2237500000000003
419,2016-02-23,237.57958333333332,255.00625,60.692083333333336,0.985,18.94125,26.5675,3.908333333333333
420,2016-02-24,235.92,249.69791666666666,64.25916666666667,0.9820833333333333,19.032500000000002,27.05,3.6174999999999997
421,2016-02-25,226.68041666666667,220.38333333333333,81.65833333333335,0.9500000000000001,19.123749999999998,27.730416666666667,3.689166666666667
422,2016-02-26,207.62375,160.03291666666667,112.35791666666667,0.8679166666666666,19.215416666666666,26.985416666666666,3.8716666666666666
423,2016-02-27,211.44416666666666,178.40416666666667,102.32958333333333,0.8954166666666667,19.30625,27.652916666666666,3.2275000000000005
424,2016-02-28,186.40291666666667,127.58875,120.13583333333334,0.7979166666666666,19.3975,27.895833333333332,3.5087499999999996
425,2016-02-29,199.4825,149.18791666666667,115.64041666666667,0.8529166666666667,19.3975,27.650833333333335,3.124166666666667
426,2016-03-01,206.63875,161.93458333333334,112.90708333333333,0.88,19.489166666666666,27.244583333333335,3.0595833333333338
427,2016-03-02,194.49875,139.76541666666665,119.46208333333334,0.8375,19.580833333333334,26.9225,2.9145833333333333
428,2016-03-03,215.85583333333332,193.34041666666667,92.32041666666667,0.9183333333333333,19.669999999999998,26.591250000000002,2.9945833333333334
429,2016-03-04,221.40791666666667,207.51333333333332,90.19791666666667,0.9529166666666667,19.76125,27.18166666666667,2.4320833333333334
430,2016-03-05,224.61875,221.64583333333334,82.45875,0.9745833333333334,19.85125,27.34166666666667,2.7079166666666663
431,2016-03-06,230.00208333333333,232.85583333333332,76.12458333333333,0.99125,19.947916666666668,26.97666666666667,2.71875
432,2016-03-07,224.11416666666665,215.40041666666664,85.19583333333334,0.9691666666666667,20.038333333333334,27.23166666666667,2.6816666666666666
433,2016-03-08,230.29250000000002,233.49666666666667,76.34875000000001,0.9975,20.127916666666668,27.139583333333334,2.629583333333333
434,2016-03-09,232.56083333333333,242.96583333333334,71.03208333333333,1.0133333333333334,20.217916666666667,27.447083333333335,2.6641666666666666
435,2016-03-10,200.1483333333333,155.87583333333333,113.48916666666668,0.8829166666666666,20.305833333333336,28.00375,2.642916666666667
436,2016-03-11,231.28125,247.25541666666666,67.00541666666668,1.0191666666666668,20.394166666666667,28.13083333333333,2.5429166666666667
437,2016-03-12,229.37416666666664,236.3475,73.71708333333333,1.0079166666666668,20.48125,28.287499999999998,3.296666666666667
438,2016-03-13,187.72541666666666,127.43958333333332,122.87333333333333,0.8254166666666666,20.567916666666665,28.64,4.175833333333333
439,2016-03-14,218.49916666666664,195.76291666666668,94.21541666666667,0.95125,20.6525,28.370416666666667,4.4279166666666665
440,2016-03-15,231.04416666666665,233.88958333333335,74.72125,1.0104166666666667,20.738333333333333,28.34875,3.9941666666666666
441,2016-03-16,232.75333333333333,242.495,71.36708333333333,1.02875,20.8225,28.785416666666666,3.5654166666666662
442,2016-03-17,218.9466666666667,195.70791666666665,97.21875,0.9658333333333333,20.904999999999998,28.09375,3.080833333333333
443,2016-03-18,230.09916666666666,231.5879166666667,76.235,1.015,20.987083333333334,27.749166666666667,3.3183333333333334
444,2016-03-19,238.17958333333334,252.84583333333333,65.45375,1.0495833333333333,21.067916666666665,28.296666666666667,3.8987499999999997
445,2016-03-20,235.23958333333334,246.24458333333334,69.52416666666666,1.0441666666666667,21.148333333333333,28.96375,4.062083333333333
446,2016-03-21,233.26791666666668,238.76666666666665,73.71291666666666,1.0354166666666667,21.225416666666668,29.346249999999998,4.3950000000000005
447,2016-03-22,234.46291666666664,241.33624999999998,72.43875,1.0433333333333332,21.30375,29.832916666666666,4.891666666666667
448,2016-03-23,199.37375,205.36666666666667,63.91958333333333,0.8958333333333334,21.378333333333334,29.76125,4.609166666666667
449,2016-03-24,232.47083333333333,238.52291666666667,73.69666666666667,1.0420833333333335,21.459999999999997,28.652083333333334,3.6616666666666666
450,2016-03-25,235.75291666666666,244.54208333333335,70.11333333333333,1.05125,21.54041666666667,28.43166666666667,3.7587499999999996
451,2016-03-26,233.5320833333333,246.88,68.77041666666666,1.0579166666666666,21.62,28.265416666666667,3.4287500000000004
452,2016-03-27,236.39583333333334,246.26,69.18666666666667,1.0591666666666668,21.698333333333334,28.096666666666668,3.7183333333333333
453,2016-03-28,230.44875000000002,236.21333333333334,75.45875,1.0483333333333333,21.774583333333336,28.67958333333333,2.7183333333333333
454,2016-03-29,223.96833333333333,211.5775,89.72291666666666,1.0166666666666668,21.85083333333333,29.098333333333333,3.2116666666666664
455,2016-03-30,235.23708333333332,250.05458333333334,66.295,1.0687499999999999,21.923333333333332,29.072916666666668,3.6233333333333335
456,2016-03-31,232.76583333333335,240.8479166666667,71.54666666666667,1.0583333333333333,21.995833333333334,29.170416666666668,3.9091666666666662
457,2016-04-01,229.94208333333333,228.98416666666665,79.05791666666667,1.0458333333333334,22.066666666666666,29.25583333333333,3.9425000000000003
458,2016-04-02,231.08,233.25041666666667,76.46875,1.0529166666666667,22.136666666666667,29.304999999999996,3.9516666666666667
459,2016-04-03,228.62291666666667,226.0716666666667,80.09916666666668,1.0429166666666667,22.204166666666666,29.372083333333332,4.034583333333333
460,2016-04-04,230.5633333333333,231.81583333333333,77.03125,1.0541666666666667,22.27,29.26,4.193333333333333
461,2016-04-05,231.35,234.51166666666666,75.39458333333333,1.0608333333333333,22.334166666666665,29.40041666666667,4.242916666666667
462,2016-04-06,224.26708333333332,212.53583333333336,88.67958333333333,1.0341666666666667,22.397499999999997,29.63416666666667,3.74625
463,2016-04-07,218.535,196.80916666666667,97.19458333333334,1.0104166666666667,22.458333333333332,29.761666666666667,3.922083333333333
464,2016-04-08,226.51958333333334,217.47916666666666,85.20833333333333,1.0420833333333335,22.51625,29.39333333333333,3.8225
465,2016-04-09,229.41666666666666,232.16166666666666,76.59208333333333,1.06625,22.574583333333333,29.31125,3.4654166666666666
466,2016-04-10,228.10208333333333,233.48291666666668,75.57333333333334,1.07,22.63,29.201666666666668,3.299166666666667
467,2016-04-11,230.48958333333334,239.72625000000002,71.36166666666666,1.0791666666666666,22.685000000000002,29.585416666666664,3.9341666666666666
468,2016-04-12,229.91666666666666,235.72291666666663,73.6075,1.0745833333333332,22.735833333333332,30.545833333333334,5.035
469,2016-04-13,227.97041666666667,232.9825,74.70041666666667,1.0708333333333333,22.78625,30.96666666666667,4.87875
470,2016-04-14,226.30708333333334,224.49041666666668,79.07666666666667,1.0574999999999999,22.834999999999997,30.83083333333333,5.365416666666667
471,2016-04-15,226.36541666666668,229.15875000000003,76.37208333333334,1.0666666666666667,22.88083333333333,30.52,4.24125
472,2016-04-16,228.50041666666667,226.32583333333332,78.0625,1.0654166666666667,22.92458333333333,30.271666666666665,5.144166666666667
473,2016-04-17,228.36791666666667,229.11125,75.92541666666666,1.0683333333333334,22.965833333333336,30.202916666666667,4.7325
474,2016-04-18,224.9054166666667,220.8175,81.61291666666666,1.0625,23.004583333333333,30.252916666666668,4.383333333333334
475,2016-04-19,227.0091666666667,227.65208333333337,76.86666666666666,1.0729166666666667,23.040833333333335,30.015416666666667,4.284583333333333
476,2016-04-20,224.71416666666667,228.79125,75.89,1.0762500000000002,23.074583333333333,30.73625,4.61125
477,2016-04-21,229.56291666666667,239.37041666666667,68.77583333333334,1.0904166666666666,23.104166666666668,30.86916666666667,5.6525
478,2016-04-22,229.6258333333333,242.0666666666667,66.56125,1.0945833333333332,23.130416666666665,31.40041666666667,5.72625
479,2016-04-23,227.1016666666667,236.87750000000003,69.47791666666667,1.0883333333333334,23.153333333333332,31.792083333333334,5.779166666666666
480,2016-04-24,227.59583333333333,238.27625,67.72958333333334,1.0887499999999999,23.171666666666667,31.495,5.8
481,2016-04-25,226.38125,231.37333333333333,71.91541666666667,1.0795833333333333,23.186666666666667,30.980833333333333,5.097083333333333
482,2016-04-26,216.01874999999998,196.32708333333335,92.97291666666666,1.0279166666666668,23.198333333333334,30.567916666666665,4.370833333333334
483,2016-04-27,224.16916666666668,227.04583333333335,74.21625,1.0766666666666667,23.206249999999997,30.368333333333336,4.159166666666667
484,2016-04-28,227.61166666666668,240.9575,65.235,1.1008333333333333,23.212500000000002,30.480416666666667,4.607083333333333
485,2016-04-29,225.91375000000002,236.39041666666665,67.94500000000001,1.0945833333333332,23.217916666666667,30.513333333333335,4.52875
486,2016-04-30,225.80041666666668,235.98083333333332,67.925,1.095,23.220416666666665,30.432083333333335,4.88875
487,2016-05-01,215.58291666666665,205.40666666666667,84.47041666666667,1.0408333333333333,23.220833333333335,30.563333333333333,5.158333333333333
488,2016-05-02,215.51999999999998,207.58166666666668,82.56958333333334,1.0425,23.219583333333333,31.056250000000002,5.03875
489,2016-05-03,215.6875,204.97125000000003,84.18125,1.0420833333333335,23.218333333333334,30.999166666666667,5.090416666666667
490,2016-05-04,211.5275,194.03333333333333,89.71291666666667,1.0204166666666665,23.215,30.871666666666666,4.847083333333333
491,2016-05-05,211.215,195.3970833333333,88.34416666666668,1.02,23.210833333333337,30.735,4.4279166666666665
492,2016-05-06,140.1575,80.40541666666667,108.99874999999999,0.6691666666666666,23.205833333333334,30.343333333333334,3.595
493,2016-05-07,208.49,191.7975,89.97208333333333,1.0154166666666666,23.199166666666667,30.787916666666664,3.8275
494,2016-05-08,201.4020833333333,169.96583333333334,102.89999999999999,0.98625,23.191666666666666,30.87708333333333,3.2737499999999997
495,2016-05-09,159.74875,115.38625,100.83208333333334,0.7658333333333333,23.184583333333332,30.635,3.12875
496,2016-05-10,204.04916666666668,182.40666666666667,93.34458333333333,0.9983333333333334,23.176666666666666,30.776666666666667,3.11375
497,2016-05-11,190.86916666666664,145.41416666666666,113.51375,0.9349999999999999,23.1675,30.252499999999998,3.345
498,2016-05-12,207.6725,185.08333333333334,93.68708333333332,1.015,23.157916666666665,30.629583333333333,4.735833333333333
499,2016-05-13,200.11541666666665,169.1175,102.91208333333333,0.9874999999999999,23.147916666666664,31.27208333333333,4.030833333333333
500,2016-05-14,209.5616666666667,200.19083333333333,83.43374999999999,1.0366666666666666,23.137083333333333,31.05666666666667,3.703333333333333
501,2016-05-15,199.36833333333334,164.00291666666666,105.01958333333333,0.9791666666666666,23.125833333333333,30.035,3.1058333333333334
502,2016-05-16,133.63708333333332,57.78791666666667,121.05916666666667,0.6341666666666667,23.114583333333332,28.034166666666668,4.431666666666667
503,2016-05-17,28.57375,0.0,43.28958333333333,0.14958333333333332,23.10375,26.27333333333333,6.655
504,2016-05-18,16.44875,0.0,28.012916666666666,0.09625,23.0925,26.92833333333333,6.526666666666667
505,2016-05-19,60.42208333333334,1.73625,83.10083333333334,0.2925,23.080833333333334,28.607916666666668,4.79875
506,2016-05-20,146.61458333333334,57.205000000000005,140.39458333333332,0.7033333333333333,23.067916666666665,30.680833333333336,4.0808333333333335
507,2016-05-21,210.33208333333334,210.5716666666667,72.55958333333334,1.0416666666666667,23.056250000000002,30.534166666666668,4.877083333333333
508,2016-05-22,204.51041666666666,209.22833333333335,69.24708333333334,1.0291666666666666,23.04375,31.03625,4.3775
509,2016-05-23,198.13875,183.23208333333332,90.00666666666666,1.0066666666666666,23.032083333333333,31.109583333333333,4.100416666666667
510,2016-05-24,209.77416666666667,219.39499999999998,68.05416666666666,1.0691666666666666,23.02,31.00375,4.33875
511,2016-05-25,201.20541666666668,188.1966666666667,87.37916666666666,1.01625,23.008333333333336,31.268333333333334,4.1674999999999995
512,2016-05-26,199.09833333333333,187.66375000000002,87.28875,1.01625,22.99625,31.288749999999997,3.704166666666667
513,2016-05-27,157.72166666666666,124.52625,95.31833333333333,0.8033333333333333,22.985,30.7975,3.4562500000000003
514,2016-05-28,184.74416666666664,141.6625,111.45375,0.93,22.97375,30.858333333333334,3.7733333333333334
515,2016-05-29,178.52666666666667,143.47958333333335,102.19333333333333,0.8937499999999999,22.96166666666667,30.652916666666666,3.25625
516,2016-05-30,187.21166666666667,146.19208333333333,111.42583333333334,0.9483333333333334,22.95125,30.94541666666667,3.467916666666667
517,2016-05-31,147.68666666666667,59.24166666666667,143.71583333333334,0.7358333333333333,22.940416666666668,30.729583333333334,3.3241666666666667
518,2016-06-01,198.65166666666667,193.43875,79.83208333333333,1.0175,22.92958333333333,30.72125,3.3554166666666667
519,2016-06-02,134.22458333333333,45.25416666666666,139.02583333333334,0.6566666666666666,22.920833333333334,30.024583333333336,3.1012500000000003
520,2016-06-03,192.70291666666665,174.73333333333332,90.77458333333334,0.9820833333333333,22.91,30.474999999999998,3.2245833333333334
521,2016-06-04,129.15083333333334,33.70916666666667,141.81791666666666,0.625,22.900833333333335,29.534166666666668,2.99375
522,2016-06-05,193.41916666666665,165.70583333333335,96.80916666666667,0.9704166666666666,22.892083333333332,29.324166666666667,2.6358333333333333
523,2016-06-06,174.65083333333334,120.74458333333332,114.69041666666668,0.8566666666666666,22.883333333333336,29.617083333333337,3.8016666666666663
524,2016-06-07,132.34958333333333,43.509166666666665,134.6654166666667,0.6304166666666666,22.875,28.952916666666667,3.5079166666666666
525,2016-06-08,127.95833333333333,40.83291666666667,131.0625,0.6083333333333333,22.868333333333336,29.028750000000002,3.305
526,2016-06-09,192.5666666666667,156.29708333333335,98.83541666666667,0.9387500000000001,22.860416666666666,29.515,5.0062500000000005
527,2016-06-10,185.38541666666666,139.31125,107.29,0.9025,22.85375,30.070833333333336,4.8500000000000005
528,2016-06-11,195.22625000000002,171.67916666666667,90.43291666666666,0.97375,22.847916666666666,30.49875,4.10125
529,2016-06-12,201.7825,192.7095833333333,79.77499999999999,1.02,22.8425,30.414583333333336,4.2179166666666665
530,2016-06-13,193.84333333333333,164.68166666666667,96.35166666666667,0.9720833333333333,22.836250000000003,30.089583333333334,3.5675000000000003
531,2016-06-14,172.76166666666666,129.57,104.01375,0.8575,22.83375,30.20958333333333,3.6208333333333336
532,2016-06-15,164.46625,104.77166666666666,118.37416666666667,0.8083333333333332,22.829583333333332,30.9075,3.5229166666666667
533,2016-06-16,171.30791666666667,105.67666666666668,125.69958333333334,0.8429166666666666,22.826666666666668,30.757500000000004,3.7183333333333333
534,2016-06-17,112.23791666666666,17.2525,136.38750000000002,0.54125,22.824166666666667,29.997500000000002,3.4170833333333337
535,2016-06-18,77.73333333333333,12.775,96.27958333333333,0.3858333333333333,22.8225,29.02125,2.9983333333333335
536,2016-06-19,175.74291666666667,144.90625,94.03083333333332,0.8816666666666667,22.82166666666667,28.825416666666666,2.8070833333333334
537,2016-06-20,149.99166666666665,88.20166666666667,115.79625,0.74625,22.820000000000004,28.375833333333333,2.0570833333333334
538,2016-06-21,181.36958333333334,126.67999999999999,117.56541666666668,0.9033333333333333,22.81958333333333,27.72583333333333,2.795833333333333
539,2016-06-22,178.01791666666668,125.43958333333335,113.61833333333334,0.8833333333333333,22.819999999999997,27.93875,3.2875
540,2016-06-23,160.56916666666666,86.97250000000001,124.64083333333333,0.7658333333333333,22.821250000000003,27.3125,4.098333333333334
541,2016-06-24,159.29999999999998,89.39666666666666,123.42875,0.7733333333333333,22.823333333333334,28.058333333333334,3.439583333333333
542,2016-06-25,106.09500000000001,26.051666666666666,118.77791666666667,0.5079166666666667,22.82541666666667,28.959999999999997,3.6841666666666666
543,2016-06-26,117.57541666666667,31.08875,127.755,0.5625,22.828333333333333,28.55125,2.99625
544,2016-06-27,102.36916666666667,16.6525,121.72250000000001,0.4879166666666667,22.83125,28.859166666666667,3.5712499999999996
545,2016-06-28,75.97375000000001,6.68625,97.53500000000001,0.36125,22.836250000000003,27.386666666666667,4.278333333333333
546,2016-06-29,71.15708333333333,2.60125,94.67083333333333,0.33666666666666667,22.84,27.110833333333332,4.81
547,2016-06-30,98.77083333333333,17.157916666666665,116.60041666666666,0.46749999999999997,22.845416666666665,28.968333333333334,3.9458333333333333
548,2016-07-01,147.76624999999999,54.23875,143.49208333333334,0.7062499999999999,22.850416666666664,30.118333333333336,4.5112499999999995
549,2016-07-02,134.26500000000001,50.160833333333336,131.12541666666667,0.6429166666666667,22.857499999999998,29.90041666666667,3.735416666666667
550,2016-07-03,166.46916666666667,92.02291666666667,131.20541666666665,0.8066666666666666,22.864166666666666,29.6825,3.611666666666667
551,2016-07-04,166.27833333333334,102.23041666666666,120.85625,0.8029166666666666,22.871666666666666,29.005,4.082916666666667
552,2016-07-05,139.2825,41.76333333333333,144.05166666666665,0.6575,22.879166666666666,29.1275,3.8074999999999997
553,2016-07-06,164.18916666666667,90.10458333333332,128.29541666666668,0.7933333333333333,22.888333333333335,29.015,4.099166666666666
554,2016-07-07,157.61291666666668,65.02916666666667,144.31208333333333,0.7525,22.897916666666664,28.765416666666667,4.22125
555,2016-07-08,174.6925,105.44833333333332,127.28708333333333,0.8445833333333334,22.90625,29.596666666666668,4.707083333333333
556,2016-07-09,179.3425,120.00791666666667,118.03333333333335,0.8683333333333333,22.91625,30.22875,4.859583333333333
557,2016-07-10,175.38708333333332,105.45291666666667,128.11291666666668,0.84875,22.92625,30.43375,4.724166666666666
558,2016-07-11,186.24875,134.83875,113.35875,0.9087500000000001,22.93625,30.63625,4.814583333333333
559,2016-07-12,184.3075,136.04208333333335,110.43625000000002,0.89875,22.946250000000003,30.5575,4.3475
560,2016-07-13,194.83624999999998,167.62833333333333,95.86625,0.9745833333333334,22.957916666666666,30.384583333333335,3.4595833333333332
561,2016-07-14,197.42791666666665,181.29999999999998,87.375,0.9954166666666667,22.969583333333333,29.984583333333333,3.578333333333333
562,2016-07-15,140.75,57.17791666666667,134.24458333333334,0.68375,22.980416666666667,29.147499999999997,3.2816666666666667
563,2016-07-16,175.87416666666664,116.78250000000001,121.9975,0.8708333333333335,22.993333333333336,28.674166666666665,2.995416666666667
564,2016-07-17,175.23541666666665,116.02541666666667,118.02083333333333,0.8558333333333334,23.005,28.537916666666664,3.327916666666667
565,2016-07-18,184.64958333333334,139.96,111.55958333333332,0.9183333333333333,23.016666666666666,28.522499999999997,2.78375
566,2016-07-19,103.91000000000001,15.433749999999998,124.07583333333334,0.48875,23.029583333333335,26.833333333333332,1.9974999999999998
567,2016-07-20,142.98125000000002,47.862500000000004,143.89083333333335,0.68125,23.041666666666668,27.925,2.64125
568,2016-07-21,166.63125,87.18416666666667,133.285,0.7879166666666667,23.05333333333333,27.892083333333332,3.8216666666666668
569,2016-07-22,141.76708333333332,45.56666666666667,141.32333333333332,0.6591666666666667,23.066666666666666,27.036666666666665,3.860416666666667
570,2016-07-23,130.04375,40.99708333333333,132.90458333333333,0.6124999999999999,23.079583333333332,27.727083333333336,2.971666666666667
571,2016-07-24,133.40375,51.384166666666665,129.73583333333332,0.6441666666666667,23.092083333333335,27.955416666666665,3.0225000000000004
572,2016-07-25,182.90666666666667,133.83583333333334,112.73916666666666,0.8870833333333333,23.103333333333335,27.58125,2.766666666666667
573,2016-07-26,198.10375,168.00583333333333,96.41166666666668,0.9625,23.11583333333333,27.692083333333333,3.4683333333333333
574,2016-07-27,148.54749999999999,85.92208333333333,112.56666666666666,0.7079166666666666,23.1275,27.70125,3.6325000000000003
575,2016-07-28,195.29666666666665,163.35208333333333,99.40333333333332,0.95375,23.139583333333334,27.65833333333333,3.1470833333333332
576,2016-07-29,175.76958333333334,120.17958333333333,116.13208333333334,0.8525,23.15125,27.829583333333332,3.0712499999999996
577,2016-07-30,149.61958333333334,60.29,138.21708333333333,0.7020833333333334,23.161666666666665,27.724166666666665,3.294166666666667
578,2016-07-31,114.70708333333333,26.553749999999997,128.1625,0.5429166666666666,23.173333333333332,28.198333333333334,3.1995833333333334
579,2016-08-01,112.80541666666666,17.132916666666667,133.59291666666667,0.5233333333333333,23.182916666666667,28.68875,4.060416666666667
580,2016-08-02,95.72625,17.06833333333333,112.6075,0.45125,23.19333333333333,29.277083333333334,4.835833333333333
581,2016-08-03,114.71458333333334,26.18625,127.6825,0.5399999999999999,23.202916666666667,29.757499999999997,4.55375
582,2016-08-04,178.00375,126.51625,111.46083333333333,0.8458333333333333,23.21166666666667,29.49208333333333,3.37375
583,2016-08-05,149.69041666666666,67.20125,131.58,0.7004166666666666,23.22,28.989583333333332,3.9166666666666665
584,2016-08-06,204.45333333333335,183.42666666666665,90.78625,0.98625,23.228333333333335,29.760833333333334,3.580416666666667
585,2016-08-07,200.15083333333334,174.66958333333332,94.07625,0.9658333333333333,23.235,29.666666666666668,3.2329166666666667
586,2016-08-08,205.50291666666666,199.4383333333333,80.07166666666667,1.0020833333333334,23.240416666666665,29.92,3.2779166666666666
587,2016-08-09,184.0525,154.47375,96.04125,0.89,23.246666666666666,29.911666666666665,3.7075
588,2016-08-10,199.64291666666668,199.09916666666666,73.87291666666667,0.9741666666666666,23.250833333333333,30.06125,3.7741666666666664
589,2016-08-11,199.31375,174.105,97.185,0.9679166666666666,23.254583333333333,29.79625,3.3070833333333334
590,2016-08-12,198.93708333333333,168.88625,102.3725,0.96875,23.256249999999998,30.13625,2.96625
591,2016-08-13,165.15833333333333,95.44916666666667,128.78166666666667,0.7925,23.258333333333336,29.695833333333336,3.651666666666667
592,2016-08-14,171.0725,96.55,133.96166666666667,0.8120833333333333,23.258750000000003,30.24625,3.9499999999999997
593,2016-08-15,192.77833333333334,149.66166666666666,109.15708333333333,0.9141666666666667,23.25708333333333,30.787916666666664,4.23375
594,2016-08-16,193.56625,142.87583333333333,116.66291666666666,0.9183333333333333,23.255,31.266666666666666,4.660416666666666
595,2016-08-17,193.985,143.28,117.35208333333333,0.9195833333333333,23.249583333333334,30.976249999999997,3.8658333333333332
596,2016-08-18,207.15125,193.65291666666667,88.75166666666667,0.9991666666666666,23.239166666666666,30.327083333333334,3.565416666666667
597,2016-08-19,192.19833333333335,153.52166666666668,108.85041666666666,0.9225,23.223333333333333,30.415833333333335,3.6275
598,2016-08-20,182.1470833333333,154.83124999999998,97.12833333333333,0.8845833333333334,23.197916666666668,30.278333333333332,3.5262499999999997
599,2016-08-21,191.37208333333334,157.06416666666667,106.62333333333333,0.9295833333333334,23.166666666666668,30.229166666666668,2.75375
600,2016-08-22,182.71208333333334,138.15625,115.6025,0.8854166666666666,23.13333333333333,30.44458333333333,3.0883333333333334
601,2016-08-23,187.12458333333333,134.02041666666665,120.94458333333334,0.8916666666666666,23.097083333333334,30.35625,3.5345833333333334
602,2016-08-24,184.46958333333336,149.46541666666667,104.22208333333333,0.8841666666666667,23.0575,30.55333333333333,3.6750000000000003
603,2016-08-25,41.30291666666667,0.7066666666666667,60.01625000000001,0.20875,23.016666666666666,29.444166666666664,2.325833333333333
604,2016-08-26,52.322916666666664,0.3625,74.17375,0.2575,22.974999999999998,28.31041666666667,2.40625
605,2016-08-27,33.35333333333333,0.615,49.54083333333333,0.17375,22.930000000000003,27.896666666666665,2.73
606,2016-08-28,140.72333333333333,56.190416666666664,134.93708333333333,0.6608333333333333,22.884583333333335,28.722083333333334,3.2695833333333333
607,2016-08-29,146.28041666666667,61.887499999999996,138.31,0.6966666666666667,22.83666666666667,28.817083333333333,2.9416666666666664
608,2016-08-30,108.54833333333333,30.864583333333332,115.23375,0.50375,22.78708333333333,27.940416666666668,3.315416666666667
609,2016-08-31,101.16916666666667,24.26833333333333,114.07541666666667,0.4766666666666666,22.736666666666665,27.537916666666664,3.0629166666666667
610,2016-09-01,154.22333333333333,86.75958333333334,122.69666666666667,0.7204166666666666,22.684166666666666,28.42375,3.235416666666667
611,2016-09-02,156.8375,76.01625,135.98208333333335,0.7312500000000001,22.629166666666666,28.593333333333334,3.344583333333333
612,2016-09-03,185.22375,131.21708333333333,119.43583333333333,0.8616666666666667,22.572916666666668,28.6075,3.2295833333333337
613,2016-09-04,146.16083333333333,58.010416666666664,138.69083333333333,0.6766666666666667,22.515416666666667,28.959999999999997,3.4433333333333334
614,2016-09-05,187.05041666666668,137.89291666666668,115.27208333333333,0.8670833333333333,22.470416666666665,29.640416666666667,3.1279166666666662
615,2016-09-06,204.0404166666667,185.86458333333334,91.96958333333333,0.9520833333333333,22.416666666666668,29.89833333333333,3.4137500000000003
616,2016-09-07,198.9595833333333,200.50166666666667,70.87375,0.9295833333333333,22.360833333333332,29.55333333333333,3.2554166666666666
617,2016-09-08,159.3025,122.44625,94.83708333333334,0.7408333333333333,22.303749999999997,29.39916666666667,3.19
618,2016-09-09,160.21833333333333,113.92333333333333,105.79291666666666,0.7487499999999999,22.245416666666667,29.583333333333332,2.77
619,2016-09-10,178.20791666666665,133.70291666666665,107.45625000000001,0.82,22.184166666666666,29.152916666666666,2.2408333333333332
620,2016-09-11,95.35833333333333,28.188333333333333,103.795,0.4529166666666667,22.122500000000002,28.599166666666665,1.985
621,2016-09-12,52.93666666666667,0.9116666666666666,74.67583333333333,0.26,22.059166666666666,28.637083333333333,2.1754166666666666
622,2016-09-13,101.21416666666666,19.778333333333332,117.8075,0.47125,21.995,28.95375,1.8945833333333333
623,2016-09-14,60.16041666666666,1.1625,83.395,0.29125,21.927916666666665,28.690416666666668,2.9916666666666667
624,2016-09-15,121.205,35.16625,128.43166666666667,0.5591666666666667,21.860833333333332,29.015,4.227083333333334
625,2016-09-16,109.95125,50.387499999999996,101.46541666666667,0.5154166666666666,21.791666666666668,29.122083333333332,3.535
626,2016-09-17,145.71625,66.91,129.02583333333334,0.6645833333333333,21.721666666666668,29.27208333333333,3.6645833333333333
627,2016-09-18,190.59708333333333,174.22458333333336,87.99583333333334,0.8783333333333333,21.649583333333336,29.437083333333334,2.7929166666666667
628,2016-09-19,126.85958333333333,56.82791666666666,116.55125,0.5870833333333333,21.576666666666668,29.62625,2.689583333333333
629,2016-09-20,52.82333333333333,2.6908333333333334,73.17541666666666,0.26208333333333333,21.502916666666668,28.845,2.405
630,2016-09-21,99.6725,18.587500000000002,114.95833333333333,0.45708333333333334,21.427083333333332,27.883333333333336,3.4745833333333334
631,2016-09-22,150.76624999999999,107.61,95.94125000000001,0.685,21.35083333333333,29.632083333333338,3.5270833333333336
632,2016-09-23,173.0354166666667,123.88375,108.37708333333332,0.7741666666666666,21.272916666666667,29.698333333333334,3.2883333333333336
633,2016-09-24,135.65458333333333,54.40708333333333,128.68208333333334,0.6183333333333333,21.193749999999998,29.735833333333332,3.4770833333333333
634,2016-09-25,180.15791666666667,129.71083333333334,111.91083333333334,0.8029166666666666,21.114166666666666,29.622083333333332,3.7816666666666667
635,2016-09-26,156.14666666666668,90.46333333333332,121.86125,0.71,21.03291666666667,29.743750000000002,3.1875
636,2016-09-27,167.07041666666666,102.81583333333333,121.63791666666667,0.7487499999999999,20.950833333333332,28.535416666666666,3.1575
637,2016-09-28,125.73791666666666,51.2425,118.6475,0.5712499999999999,20.867916666666666,28.434583333333332,3.29625
638,2016-09-29,158.69583333333333,89.63791666666667,124.87625000000001,0.715,20.78375,28.313333333333333,3.0258333333333334
639,2016-09-30,197.34458333333336,161.9466666666667,103.95791666666666,0.8741666666666666,20.69875,29.0675,2.7908333333333335
640,2016-10-01,163.39374999999998,107.91375,117.12,0.7470833333333333,20.612916666666667,29.22875,2.7383333333333333
641,2016-10-02,181.61541666666668,134.65833333333333,112.25999999999999,0.8129166666666666,20.526666666666667,28.65625,2.813333333333333
642,2016-10-03,173.14916666666667,146.00583333333333,86.78583333333334,0.7620833333333333,20.439583333333335,28.47666666666667,3.330833333333333
643,2016-10-04,90.44,33.418749999999996,90.84833333333334,0.4183333333333333,20.351666666666667,28.44125,1.9833333333333334
644,2016-10-05,224.60708333333332,253.835,56.612500000000004,1.0004166666666665,20.263333333333332,29.23875,2.4258333333333333
645,2016-10-06,211.89583333333334,208.80916666666667,81.81375,0.9383333333333334,20.174166666666668,29.17,2.37375
646,2016-10-07,138.33791666666667,84.1125,103.91041666666666,0.61875,20.08458333333333,29.269166666666667,3.06
647,2016-10-08,187.0533333333333,157.99333333333334,97.42750000000001,0.82875,19.993750000000002,29.302083333333332,3.5004166666666667
648,2016-10-09,116.62666666666667,52.48583333333334,108.73791666666666,0.5370833333333334,19.902916666666666,29.63625,3.3808333333333334
649,2016-10-10,159.43875,105.80708333333332,114.55624999999999,0.7233333333333333,19.812083333333334,29.53,2.72125
650,2016-10-11,195.59958333333336,169.92041666666665,96.935,0.8604166666666666,19.719583333333333,29.58666666666667,2.75
651,2016-10-12,211.2408333333333,214.5233333333333,75.08708333333333,0.9249999999999999,19.628333333333334,29.379583333333333,2.063333333333333
652,2016-10-13,207.9075,206.71583333333334,80.9775,0.9175,19.53625,28.922083333333333,1.6204166666666666
653,2016-10-14,216.89,222.49125,72.01541666666667,0.9354166666666667,19.44333333333333,28.381249999999998,2.098333333333333
654,2016-10-15,223.44500000000002,237.24375,64.69416666666667,0.9541666666666666,19.35125,27.92625,2.29625
655,2016-10-16,212.22916666666666,209.14541666666665,79.91666666666667,0.91375,19.258333333333333,27.770416666666666,2.2354166666666666
656,2016-10-17,213.31041666666667,218.44625,73.96541666666667,0.9220833333333333,19.165416666666665,27.699166666666667,2.0595833333333333
657,2016-10-18,218.6241666666667,230.9383333333333,67.51541666666667,0.9375,19.0725,27.89375,2.2329166666666667
658,2016-10-19,216.28,227.37708333333333,69.38625,0.9308333333333333,18.98,28.21166666666667,2.044583333333333
659,2016-10-20,212.46041666666667,216.36833333333334,74.73458333333333,0.9129166666666667,18.887083333333333,28.098333333333333,2.080416666666667
660,2016-10-21,147.90125,103.8075,98.69875,0.6466666666666666,18.793333333333333,28.507499999999997,2.4304166666666664
661,2016-10-22,207.49458333333334,206.37666666666667,79.13625,0.8933333333333334,18.701249999999998,28.077916666666667,1.7975
662,2016-10-23,211.31416666666667,212.98708333333335,77.04083333333334,0.9025,18.609166666666667,27.81125,2.1641666666666666
663,2016-10-24,199.11041666666665,180.19083333333333,92.15458333333333,0.8541666666666666,18.517083333333336,27.847916666666666,2.2641666666666667
664,2016-10-25,207.3575,203.06791666666666,80.89041666666667,0.8825,18.425833333333333,27.62,2.402083333333333
665,2016-10-26,204.10375,192.0545833333333,86.01583333333333,0.8641666666666666,18.332916666666666,27.817083333333333,2.3275
666,2016-10-27,196.3658333333333,168.11833333333334,96.96541666666667,0.82625,18.2425,28.32875,2.35875
667,2016-10-28,157.65416666666667,94.54041666666666,116.78875,0.6783333333333333,18.152083333333334,27.658749999999998,1.96
668,2016-10-29,108.17416666666666,50.010416666666664,97.85083333333334,0.48374999999999996,18.061666666666667,27.082083333333333,2.5812500000000003
669,2016-10-30,50.42541666666667,6.135416666666667,64.82125,0.23958333333333334,17.9725,26.35291666666667,2.7937499999999997
670,2016-10-31,145.29916666666665,107.07,85.34750000000001,0.60125,17.883333333333333,26.746666666666666,2.890416666666667
671,2016-11-01,166.41625,139.21041666666665,82.52958333333333,0.6941666666666667,17.794583333333332,26.958333333333332,3.7808333333333337
672,2016-11-02,100.0675,46.78333333333333,86.68791666666665,0.43124999999999997,17.7075,26.522499999999997,4.08375
673,2016-11-03,180.42166666666665,122.91291666666667,113.09083333333332,0.7395833333333334,17.619583333333335,27.075,4.354166666666667
674,2016-11-04,225.4675,251.69625,52.634166666666665,0.9191666666666666,17.533333333333335,28.540833333333335,3.15
675,2016-11-05,219.22166666666666,242.23916666666665,57.479166666666664,0.9066666666666667,17.44875,27.778333333333332,2.252083333333333
676,2016-11-06,202.47416666666666,195.1775,80.81,0.8416666666666667,17.364166666666666,27.73625,1.9445833333333333
677,2016-11-07,190.48375,165.78791666666666,93.46625,0.7941666666666666,17.280416666666667,27.288749999999997,1.7004166666666667
678,2016-11-08,212.31958333333333,210.4958333333333,71.17583333333333,0.85125,17.197916666666668,27.000416666666666,3.5620833333333333
679,2016-11-09,219.55708333333334,221.17916666666667,67.99499999999999,0.8704166666666667,17.116666666666667,26.403333333333332,3.6008333333333336
680,2016-11-10,221.42375,232.94291666666666,61.15708333333333,0.8820833333333334,17.035833333333333,26.227083333333336,3.0904166666666666
681,2016-11-11,216.44416666666666,221.60666666666668,67.28791666666667,0.8666666666666667,16.956666666666667,26.41208333333333,2.81375
682,2016-11-12,209.02166666666668,199.09083333333334,79.14166666666667,0.8370833333333333,16.877916666666668,26.999583333333334,3.6174999999999997
683,2016-11-13,177.44208333333333,132.90125,100.75375000000001,0.7183333333333334,16.801666666666666,26.2775,2.71125
684,2016-11-14,214.30625,215.57000000000002,69.40875,0.8516666666666667,16.725416666666668,27.18875,2.7841666666666662
685,2016-11-15,205.11083333333332,191.88875,81.41083333333333,0.8204166666666667,16.650833333333335,27.34958333333333,3.0387500000000003
686,2016-11-16,196.33791666666664,177.44916666666666,80.08083333333333,0.7741666666666666,16.577083333333334,27.528750000000002,4.739166666666667
687,2016-11-17,174.16166666666666,120.73958333333333,105.9575,0.6966666666666667,16.506249999999998,27.27916666666667,5.280833333333334
688,2016-11-18,184.57208333333335,133.42375,105.86583333333334,0.7320833333333333,16.435,26.860833333333332,5.37375
689,2016-11-19,187.87125,139.94416666666666,102.8325,0.7383333333333333,16.347083333333334,26.49,4.586250000000001
690,2016-11-20,209.60625000000002,195.5975,77.5325,0.8137500000000001,16.284583333333334,26.346249999999998,4.198333333333333
691,2016-11-21,194.40625,159.9375,93.64458333333333,0.76375,16.22375,26.13083333333333,4.1762500000000005
692,2016-11-22,206.43833333333336,190.36625,79.07708333333333,0.80125,16.164166666666667,25.654583333333335,3.7408333333333332
693,2016-11-23,209.17458333333332,198.595,75.79083333333334,0.8125,16.105833333333333,25.851666666666663,3.66
694,2016-11-24,206.68625,192.09333333333333,77.42875,0.7999999999999999,16.048750000000002,25.684166666666666,3.87375
695,2016-11-25,210.03291666666667,196.4225,75.81375,0.8045833333333333,15.995,26.13,3.9454166666666666
696,2016-11-26,205.43083333333334,190.13916666666668,79.35208333333334,0.79625,15.942083333333334,25.10166666666667,3.06875
697,2016-11-27,198.07125,177.51583333333335,84.77958333333333,0.7775,15.891666666666666,24.71666666666667,2.572083333333333
698,2016-11-28,181.70833333333334,158.99375,85.51958333333333,0.7358333333333333,15.842083333333335,24.513333333333335,1.9633333333333332
699,2016-11-29,180.56083333333333,138.62958333333333,100.36416666666668,0.7174999999999999,15.795,24.909583333333334,2.6149999999999998
700,2016-11-30,185.04458333333332,156.23166666666665,84.465,0.7191666666666667,15.748750000000001,25.92,5.420000000000001
701,2016-12-01,28.30666666666667,4.510416666666667,37.78041666666666,0.13999999999999999,15.705,25.028750000000002,5.965416666666667
702,2016-12-02,140.47041666666667,71.80541666666666,109.45458333333333,0.5658333333333333,15.664166666666667,25.143333333333334,4.29
703,2016-12-03,190.99208333333334,162.64583333333334,89.95416666666667,0.7458333333333332,15.624166666666667,25.96291666666667,2.6404166666666664
704,2016-12-04,126.24416666666667,91.4175,76.89625,0.5104166666666666,15.586666666666666,25.443749999999998,2.8366666666666664
705,2016-12-05,184.15958333333333,141.25083333333333,97.24041666666666,0.7079166666666666,15.549583333333333,26.125,4.586666666666667
706,2016-12-06,194.1925,172.60333333333332,79.42291666666667,0.7479166666666667,15.515833333333333,25.62125,4.39625
707,2016-12-07,171.39916666666667,119.81708333333334,101.84250000000002,0.6679166666666667,15.485416666666666,25.77416666666667,4.136666666666667
708,2016-12-08,196.37666666666667,170.16416666666666,85.23,0.7533333333333333,15.455833333333333,25.74416666666667,3.81875
709,2016-12-09,197.12249999999997,178.73791666666668,80.88625,0.7629166666666666,15.4275,25.175833333333333,3.200833333333333
710,2016-12-10,163.33666666666667,110.72625,103.24125,0.6533333333333334,15.402500000000002,25.31833333333333,3.83375
711,2016-12-11,96.23833333333333,34.537083333333335,93.72416666666668,0.41125000000000006,15.379166666666668,25.358333333333334,5.870833333333334
712,2016-12-12,16.60875,0.45041666666666663,27.174166666666665,0.09458333333333334,15.35875,23.614166666666666,10.790416666666667
713,2016-12-13,93.32249999999999,42.44375,81.87916666666668,0.38625,15.339583333333332,25.657083333333333,3.2416666666666667
714,2016-12-14,192.855,170.97958333333335,84.88333333333334,0.7479166666666667,15.321666666666667,25.565416666666668,2.53125
715,2016-12-15,203.32208333333332,194.61249999999998,73.4225,0.77875,15.306666666666667,25.471666666666664,2.922916666666667
716,2016-12-16,192.34208333333333,160.75125,88.93291666666666,0.7329166666666667,15.294166666666667,25.34166666666667,3.689583333333333
717,2016-12-17,201.00041666666667,184.63916666666668,77.37791666666666,0.765,15.284166666666666,24.87291666666667,3.282083333333333
718,2016-12-18,205.7820833333333,192.3345833333333,75.56583333333333,0.7766666666666667,15.276666666666666,24.475416666666664,3.6441666666666666
719,2016-12-19,202.25583333333336,180.34124999999997,79.34833333333333,0.7579166666666667,15.270000000000001,24.764583333333334,4.523333333333333
720,2016-12-20,213.87125,213.42999999999998,64.00500000000001,0.8004166666666667,15.265416666666667,25.18958333333333,4.055
721,2016-12-21,203.28708333333336,191.37166666666667,74.47916666666667,0.7733333333333333,15.264583333333334,24.772916666666664,3.2870833333333334
722,2016-12-22,194.45291666666665,187.54666666666665,70.18208333333332,0.7566666666666667,15.265,23.88083333333333,2.5120833333333334
723,2016-12-23,208.20666666666668,215.83375,62.78208333333333,0.8029166666666666,15.267083333333332,23.372500000000002,1.8620833333333333
724,2016-12-24,202.79083333333335,192.14625,75.99541666666667,0.7779166666666667,15.272916666666667,23.41,1.9858333333333331
725,2016-12-25,195.92208333333335,177.63041666666666,82.29833333333333,0.75875,15.28,23.459166666666665,2.3466666666666667
726,2016-12-26,204.82958333333332,189.26791666666668,76.63,0.77375,15.289166666666667,24.39708333333333,3.71875
727,2016-12-27,206.54208333333335,191.775,75.88083333333334,0.7779166666666667,15.300416666666665,25.6875,4.914583333333334
728,2016-12-28,187.20208333333332,147.63458333333332,94.82958333333333,0.71875,15.314583333333333,25.484583333333333,4.659583333333333
729,2016-12-29,191.04,152.49833333333333,94.13625,0.7287499999999999,15.330416666666666,24.763333333333335,4.277083333333334
730,2016-12-30,201.46375,183.035,79.75916666666667,0.7687499999999999,15.347916666666668,24.6925,3.658333333333333
731,2016-12-31,212.8382608695652,195.14391304347828,82.47130434782608,0.8082608695652174,16.03608695652174,24.738260869565217,3.3769565217391304
